SCHEDULE,MATRIX SORT,MATRIX TYPE,#,2,3,4,5,6,7,8,9,10,11,12,13,14,15,16,17,18,19,20,21,22,23,24,25,26,27,28,29,30,31,32,33,34,35,36,37,38,39,40,41,42,43,44,45,46,47,48,49,50,51,52,53,54,55,56,57,58,59,60,61,62,63,64,65,66,67,68,69,70,71,72,73,74,75,76,77,78,79,80,81,82,83,84,85,86,87,88,89,90,91,92,93,94,95,96,97,98,99,100
static,RO,table,1,60,32,127,18,1,1,1,2,2,2,2,2,2,5,2,3,6,3,3,3,3,4,3,3,9,4,4,5,5,5,6,6,10,33,47,110,13,9,10,10,10,11,12,17,14,15,15,16,21,18,22,40,172,47,21,23,31,27,32,30,32,104,117,48,38,43,41,43,45,253,92,71,105,189,111,84,141,205,102,121,322,114,269,162,370,175,311,119,243,237,212,230,175,316,204,267,185,394,343
static,RO,table,2,12,73,16,2,3,2,2,2,2,5,3,5,3,24,64,129,9,4,4,5,4,6,5,6,7,6,8,8,8,8,9,10,11,11,12,13,14,74,51,76,47,18,19,20,25,56,45,50,284,27,29,31,33,78,152,68,40,45,44,45,110,191,83,53,56,198,105,66,74,138,171,70,76,132,192,81,85,174,182,95,131,241,105,144,261,141,268,139,175,310,268,176,450,142,276,309,311,226,279
static,RO,table,3,2,49,21,3,121,115,22,3,3,3,3,3,4,7,3,5,3,5,4,4,5,5,6,6,6,7,7,7,9,9,22,94,104,20,12,12,13,15,15,16,17,29,72,295,23,22,25,26,28,28,45,149,78,32,35,36,42,47,113,251,77,81,188,82,55,57,66,157,167,66,78,197,125,77,79,235,144,87,263,93,97,181,262,124,304,137,356,120,410,291,1240,1950,469,151,396,378,617,2765,793
static,RO,table,4,43,242,24,2,25,2,3,2,5,3,9,3,3,5,5,3,4,4,5,11,5,259,6,6,7,12,8,7,10,12,12,10,11,11,13,12,20,43,62,178,20,18,24,24,21,52,42,104,137,28,32,33,32,37,34,310,39,41,44,92,210,75,52,52,107,318,188,179,72,71,96,313,492,108,212,234,341,91,97,178,178,104,174,209,142,356,134,373,125,436,287,136,192,307,213,261,270,269,339
static,RO,table,5,2,72,53,2,3,2,6,2,2,8,8,18,30,40,125,32,4,4,4,4,4,5,10,6,7,6,7,8,14,9,9,10,11,12,12,43,67,86,24,19,20,69,66,20,30,63,193,25,26,27,29,30,44,60,124,67,40,43,61,45,58,170,119,54,55,57,193,83,64,66,79,233,101,78,157,172,109,130,277,96,152,208,119,229,202,114,296,126,197,263,158,297,142,360,209,300,214,387,335
static,RO,table,6,14,44,61,2,2,5,132,12,19,93,21,3,8,3,3,3,5,7,4,6,5,11,6,6,10,7,12,13,11,32,38,185,38,11,18,47,14,23,83,66,76,100,19,20,21,23,25,26,26,64,222,30,33,37,54,105,115,114,44,47,48,67,198,81,57,58,80,237,88,66,94,313,75,97,285,82,87,258,94,97,364,104,274,130,111,228,178,146,252,131,267,189,257,198,177,321,196,274,213
static,RO,table,7,237,22,37,2,2,3,2,2,2,2,3,7,8,4,3,3,5,35,192,24,5,10,5,6,6,9,8,7,8,9,10,10,11,11,12,13,14,35,60,58,156,21,22,20,39,52,78,152,68,36,29,32,31,44,295,36,40,53,77,196,54,61,51,59,163,117,64,61,65,153,143,74,75,117,223,81,87,259,90,93,140,285,146,269,119,201,237,119,292,131,248,221,242,210,191,352,348,161,382
static,RO,table,8,14,104,2,2,2,2,274,3,5,3,3,7,3,10,3,4,3,5,11,4,5,5,6,11,6,10,7,9,358,78,29,75,98,144,54,18,18,21,21,22,87,72,132,28,32,32,57,80,252,40,51,43,111,169,96,58,50,167,120,45,48,49,58,226,92,57,62,108,217,66,69,112,193,112,85,143,221,87,130,309,99,261,109,113,306,112,162,240,131,334,135,236,230,432,148,331,158,358,207
static,RO,table,9,225,27,2,2,10,6,2,5,2,2,7,3,4,4,5,7,3,4,4,5,5,26,23,126,46,5,6,5,9,5,6,6,6,13,36,7,8,10,9,9,10,12,11,12,53,205,43,24,19,16,34,21,40,250,32,23,25,27,31,32,36,65,155,32,36,36,43,41,43,85,198,66,61,64,186,150,71,75,209,168,96,229,144,109,232,209,157,278,195,326,171,280,152,409,336,149,279,228,336
static,RO,table,10,117,23,39,2,2,15,294,2,3,3,7,2,3,4,3,5,4,4,5,6,12,8,9,8,9,276,8,51,7,14,44,29,10,11,307,12,18,15,15,16,17,18,18,62,66,70,64,24,26,29,33,68,32,95,103,63,39,40,43,45,95,166,89,52,57,81,306,59,69,336,68,71,228,102,81,83,258,88,93,195,179,101,200,156,134,293,116,148,283,127,309,199,330,140,336,175,341,164,343
static,RO,vector,1,108,12,2,2,266,2,11,2,3,2,2,2,3,3,6,3,8,3,4,4,5,5,6,5,6,7,6,7,9,37,39,52,124,10,14,12,13,14,14,16,17,28,49,267,31,76,23,23,25,38,91,90,73,28,25,28,30,31,35,85,150,36,38,42,47,111,245,44,48,54,96,174,64,59,62,102,296,65,71,167,134,77,86,317,92,230,233,209,291,141,292,110,271,206,376,131,339,149,322
static,RO,vector,2,14,64,31,2,8,2,8,2,2,2,7,2,2,3,3,25,125,67,33,3,4,4,5,4,5,5,5,6,9,6,7,7,8,8,10,10,10,10,11,85,66,74,43,66,22,56,18,28,79,161,20,20,23,23,26,33,30,89,184,32,40,38,61,40,88,161,66,46,50,51,111,146,82,62,86,153,167,86,76,185,141,81,81,212,136,112,215,134,99,293,186,240,181,135,318,118,319,148,245
static,RO,vector,3,141,11,15,2,5,4,2,2,3,2,2,2,3,4,3,3,3,3,3,4,4,4,49,115,29,24,5,6,13,7,7,9,8,8,8,9,10,11,11,12,13,14,15,15,145,56,59,55,20,21,24,23,25,25,238,26,30,33,56,34,36,103,231,38,40,45,88,227,49,51,53,106,181,58,61,65,121,184,111,72,174,144,83,85,223,94,108,190,200,109,249,174,110,276,155,318,149,208,247
static,RO,vector,4,13,49,16,57,161,28,2,6,5,2,4,2,2,2,3,3,3,3,3,7,4,4,4,5,4,5,16,6,6,7,6,7,9,8,8,42,35,44,90,15,13,13,14,15,16,16,18,36,37,160,63,55,70,25,29,43,129,129,32,34,40,41,40,54,226,64,61,76,98,168,68,57,60,85,210,91,69,77,203,132,78,118,234,82,90,302,132,141,212,105,143,283,109,269,136,125,358,132,336
static,RO,vector,5,65,29,2,3,2,5,2,9,27,31,35,140,2,3,3,3,3,3,4,6,5,4,11,5,4,5,5,5,7,7,7,19,8,8,13,31,226,10,11,15,16,21,48,17,28,23,314,17,18,19,26,22,23,24,101,110,53,36,36,42,42,56,170,84,41,42,46,51,125,157,52,64,59,164,176,62,67,126,187,72,77,125,269,84,144,248,100,160,234,102,293,134,262,197,119,299,130,358,128
static,RO,vector,6,21,128,138,2,2,32,8,3,3,3,9,2,2,2,3,3,9,3,4,4,4,4,4,4,5,12,44,36,130,33,7,7,8,15,9,9,10,17,12,12,15,13,18,41,175,47,17,41,21,21,21,23,25,26,120,137,41,46,51,50,109,158,65,52,41,49,351,44,46,53,313,59,89,117,255,72,65,308,67,77,262,103,113,198,153,93,137,246,120,243,134,115,369,112,292,142,181,257,133
static,RO,vector,7,42,155,46,23,2,6,2,6,3,2,5,2,3,6,10,3,3,4,7,3,5,4,4,5,5,5,7,12,6,250,7,8,10,8,8,36,10,10,10,11,12,13,13,17,298,16,18,18,21,45,22,23,277,23,25,28,29,37,33,70,233,39,56,53,42,310,43,46,49,81,159,85,57,60,77,188,133,67,72,267,78,77,140,236,85,134,221,96,101,278,129,203,207,113,303,119,210,223,148
static,RO,vector,8,25,100,93,71,2,2,3,8,2,2,2,2,2,8,3,5,3,3,3,4,4,6,6,5,8,6,7,26,115,89,11,12,17,15,15,9,10,11,12,15,13,14,15,17,96,100,88,19,20,20,48,27,25,51,104,82,37,32,34,35,43,38,100,201,42,43,46,55,178,89,53,55,58,118,203,72,80,180,143,77,77,172,206,126,218,137,92,170,226,101,222,163,125,347,148,286,123,217,253
static,RO,vector,9,76,34,259,2,22,2,6,2,2,11,2,2,2,3,5,4,5,3,4,3,4,4,4,4,6,5,7,5,6,53,100,97,8,10,9,8,9,10,20,12,13,13,14,19,106,87,82,43,20,22,22,23,25,26,27,271,29,30,33,34,42,85,185,39,41,49,47,49,291,48,54,58,154,145,62,89,167,192,69,73,150,169,83,85,195,187,96,189,166,104,238,178,111,290,123,170,291,196,255
static,RO,vector,10,74,39,2,2,2,2,2,14,58,129,68,2,2,2,4,27,3,8,3,5,5,9,5,6,10,5,5,6,6,7,243,7,7,8,16,9,18,11,11,12,13,13,23,58,110,155,17,19,19,21,21,23,25,30,115,88,64,30,35,34,36,42,82,164,78,42,46,47,74,241,52,54,58,219,128,99,159,157,71,73,178,155,85,128,276,87,95,204,169,103,289,137,125,305,120,275,148,195,245
static,RC,table,1,1,1,1,2,1,2,73,37,71,49,24,2,2,2,5,3,3,8,4,4,4,4,10,23,20,5,6,5,8,7,14,8,8,8,30,85,80,31,12,13,14,14,18,15,17,17,19,26,21,22,127,92,54,25,41,33,55,77,183,56,55,37,45,80,239,69,46,66,241,73,52,54,58,164,135,63,67,94,209,97,75,120,235,83,91,267,107,94,282,135,139,241,106,143,349,167,307,153,372
static,RC,table,2,4,2,55,25,23,105,23,2,2,2,9,3,10,3,3,3,6,4,5,8,5,5,6,6,7,7,8,9,10,10,16,11,23,54,28,62,94,12,17,14,14,14,15,16,25,79,72,94,38,20,34,31,29,28,34,29,161,120,56,34,36,38,120,175,41,44,49,49,125,180,52,56,62,174,118,64,67,193,181,135,401,81,153,192,84,91,275,93,97,198,195,153,245,112,162,261,148,318,134
static,RC,table,3,70,17,75,95,26,2,7,2,3,2,6,4,9,3,5,3,4,8,4,4,5,4,5,5,5,5,5,7,9,7,244,8,8,9,21,10,14,11,12,25,13,14,16,16,17,128,100,46,20,45,30,25,25,26,69,166,30,31,35,41,39,39,107,153,51,44,56,49,132,143,53,55,59,76,242,97,105,275,93,73,128,230,89,85,236,87,94,198,220,100,252,155,141,291,114,306,156,347,124
static,RC,table,4,18,35,16,177,40,2,2,2,4,32,2,2,3,3,3,3,3,3,4,4,8,7,5,5,5,6,5,6,7,7,8,8,8,58,43,101,11,11,12,12,14,13,15,20,20,18,23,187,97,20,21,43,26,26,28,35,66,281,32,33,39,39,288,39,41,44,51,122,131,84,54,57,91,203,84,62,66,252,71,80,125,216,80,89,145,199,92,99,267,127,102,324,117,214,174,120,318,148,303
static,RC,table,5,93,2,3,26,2,2,2,2,6,6,7,283,29,3,9,3,3,5,6,4,4,4,5,5,5,6,6,6,8,7,7,7,43,54,42,69,10,11,12,14,28,58,51,22,21,61,187,20,20,21,22,24,25,30,164,111,31,32,34,43,37,43,129,159,43,58,52,79,205,51,54,56,76,167,143,65,66,220,102,74,79,230,142,85,172,180,94,128,279,98,193,188,114,331,137,233,197,125,333
static,RC,table,6,16,45,20,3,2,5,2,8,12,3,31,37,16,114,24,4,4,4,4,5,5,6,6,6,7,15,9,14,10,10,11,11,15,13,33,76,47,92,43,12,17,63,64,40,39,63,102,20,20,21,23,27,25,26,29,64,177,58,35,39,53,69,286,41,41,43,51,163,131,59,54,94,224,60,80,65,191,144,72,198,173,75,83,124,226,89,93,291,101,172,288,104,296,134,196,244,155,257,127
static,RC,table,7,15,80,275,2,21,2,2,7,2,2,2,4,8,3,3,3,3,4,5,3,5,4,5,242,5,5,6,9,6,7,7,9,8,15,9,16,11,13,60,112,126,14,14,16,36,81,28,19,77,181,22,26,25,29,28,29,32,97,172,39,36,42,42,48,153,113,46,51,50,53,163,181,96,490,429,109,1770,80,75,211,140,78,89,194,134,95,170,191,94,109,284,109,165,243,114,230,192,151,270
static,RC,table,8,20,42,17,2,6,8,2,2,5,6,2,3,3,3,199,3,11,3,4,10,4,30,10,5,5,6,6,6,7,15,8,14,8,15,9,9,11,119,57,31,14,14,14,21,20,51,87,19,93,144,43,21,23,26,33,53,107,146,32,33,36,37,67,105,196,42,46,49,80,269,55,55,58,215,127,69,150,190,69,108,225,156,80,111,239,128,171,241,96,194,175,108,198,223,150,268,124,240,218
static,RC,table,9,56,65,62,85,41,37,2,3,6,2,6,8,3,3,3,6,4,3,4,4,4,4,5,5,5,6,6,7,7,7,35,73,32,85,44,10,14,11,17,12,23,62,24,184,54,18,41,22,20,22,23,24,31,102,154,53,31,32,40,38,264,41,37,39,46,79,170,99,51,63,55,177,109,59,61,66,186,159,70,74,265,75,84,128,299,87,191,155,101,154,256,130,309,121,178,305,212,223,133
static,RC,table,10,86,183,2,2,2,7,2,2,2,3,2,3,3,11,3,8,3,3,4,10,4,7,11,5,5,24,224,7,6,10,7,14,8,8,11,11,15,12,12,12,14,14,41,234,37,16,23,40,49,62,127,92,42,25,27,31,31,32,70,132,104,37,40,42,50,148,110,71,73,52,329,53,58,115,202,91,66,74,217,124,75,103,291,82,122,270,119,181,183,101,142,248,118,197,207,128,302,124,290
static,RC,vector,1,98,26,3,2,2,4,2,2,6,2,2,3,3,8,3,4,5,4,5,34,81,113,5,5,13,6,8,6,9,7,7,9,9,9,9,10,11,17,12,12,32,39,79,62,75,26,76,18,22,21,35,161,84,25,29,29,49,39,80,156,42,50,39,42,46,71,228,51,51,53,117,177,79,59,64,132,176,69,75,134,190,78,84,162,183,93,128,283,100,203,197,108,300,153,262,178,152,300,180
static,RC,vector,2,227,23,2,5,2,9,3,7,4,4,12,2,3,8,3,3,3,4,4,4,4,6,4,5,5,199,6,8,13,7,12,14,15,9,9,9,16,19,12,12,17,15,19,33,95,116,28,19,20,24,25,39,67,51,102,100,31,35,35,52,38,127,156,57,43,45,48,177,97,53,55,57,333,78,62,121,179,108,74,126,217,106,112,233,100,134,291,101,165,221,104,182,237,117,293,123,202,231,182
static,RC,vector,3,69,25,17,46,27,2,2,2,3,7,3,4,3,3,4,9,4,8,6,6,7,8,8,8,7,6,6,7,18,13,43,36,135,9,10,10,11,14,12,13,14,15,15,15,18,18,330,22,34,21,41,24,71,197,27,31,32,32,36,37,117,168,38,43,52,131,194,47,50,52,82,262,57,61,63,357,63,68,242,72,78,84,292,104,164,219,118,152,254,101,300,132,135,299,119,302,153,206,264
static,RC,vector,4,14,49,16,123,58,8,27,2,2,3,3,2,3,6,11,3,3,10,4,8,4,5,4,5,6,6,5,6,12,7,7,7,9,26,71,77,72,37,11,12,22,17,14,20,229,66,64,25,20,21,22,25,34,45,124,137,30,31,42,35,144,135,64,39,47,49,157,163,50,51,55,152,111,62,69,71,218,126,73,90,203,116,89,100,243,91,97,270,119,102,248,176,183,209,127,303,150,338,127
static,RC,vector,5,56,42,2,96,26,88,30,26,3,2,7,2,3,2,3,3,9,3,4,4,8,4,5,5,5,5,5,6,6,7,29,24,119,31,11,10,12,11,12,16,13,14,15,17,56,27,128,115,31,41,26,28,26,26,28,239,30,33,50,35,43,74,152,92,42,46,47,61,162,87,55,57,62,157,179,66,69,138,175,77,82,153,226,86,205,159,94,150,283,107,298,130,264,198,144,272,126,358,165
static,RC,vector,6,30,51,40,10,94,3,2,6,10,2,24,2,3,2,3,3,10,3,4,4,5,4,5,5,8,6,6,6,7,7,276,8,14,8,9,10,15,12,11,12,18,20,37,36,233,39,17,42,22,21,26,64,273,25,26,28,31,39,283,51,34,37,39,63,145,115,69,48,88,201,74,56,68,199,174,63,70,150,157,74,84,182,185,84,141,193,92,105,245,163,151,316,152,291,119,303,127,187,282
static,RC,vector,7,61,130,102,32,4,2,2,3,6,2,2,3,3,5,12,3,6,4,4,5,5,5,6,7,7,7,8,9,11,14,10,107,59,62,32,15,11,12,12,13,17,62,32,204,71,18,18,20,20,20,25,24,25,106,155,28,35,33,35,39,136,133,59,39,44,45,48,321,48,55,55,154,133,60,64,105,216,89,72,99,242,80,91,232,145,94,191,169,99,178,229,108,306,113,214,242,130,305,137
static,RC,vector,8,12,83,30,45,16,54,3,2,3,3,3,5,8,4,3,3,6,4,4,4,6,13,5,5,6,8,6,7,7,13,271,8,8,35,10,9,10,12,16,18,13,14,18,176,99,24,18,30,31,25,33,24,42,197,35,28,31,33,34,42,39,125,173,56,46,48,124,161,65,64,57,117,170,73,82,83,220,89,73,95,230,119,83,201,111,91,95,290,102,205,198,111,317,145,226,191,140,343,133
static,RC,vector,9,17,168,27,28,2,5,3,3,7,3,3,4,3,4,4,4,10,5,4,4,4,4,5,5,6,6,12,6,10,38,20,20,40,41,69,36,11,12,13,17,14,18,15,17,17,21,257,20,20,25,43,25,26,28,58,176,49,32,46,35,38,39,152,113,43,46,48,49,126,186,53,59,68,179,113,66,68,100,251,76,80,170,153,84,94,248,120,98,288,116,106,383,140,246,119,194,261,160,270
static,RC,vector,10,59,13,17,2,2,2,2,8,2,2,13,46,86,35,53,22,3,4,32,4,14,5,4,5,5,5,5,6,7,6,7,12,14,27,79,59,66,10,12,13,13,16,52,115,101,143,19,19,21,22,24,26,51,52,86,114,55,32,36,59,37,87,169,57,45,46,48,71,160,75,55,71,69,243,107,64,69,278,71,79,135,225,81,86,267,110,94,315,121,179,266,179,287,115,316,124,283,183,201
dynamic,RO,table,1,41,2,3,2,6,2,17,3,6,4,4,5,12,6,6,9,6,7,11,8,9,11,10,11,12,12,55,76,83,41,37,25,20,20,27,25,25,70,150,85,67,32,44,50,229,68,40,62,45,125,151,50,54,63,135,147,66,103,99,284,77,78,180,135,86,98,296,94,147,243,106,148,302,113,341,122,285,132,221,235,173,316,275,220,239,302,330,175,385,237,327,399,250,355,405,375,242,423,427
dynamic,RO,table,2,16,53,3,4,5,3,6,12,3,4,8,22,43,129,48,40,7,13,14,8,14,12,13,11,18,12,15,64,64,63,44,22,19,21,88,45,54,140,127,29,31,36,40,75,198,43,47,68,64,150,170,54,56,102,255,58,66,98,202,92,75,119,203,92,86,198,194,94,293,112,105,287,135,189,230,125,334,139,302,155,271,214,337,167,360,189,347,205,348,348,216,400,353,249,407,434,349,342,400
dynamic,RO,table,3,105,28,83,31,27,3,3,7,9,3,5,12,4,6,10,7,6,7,9,8,9,12,10,11,28,79,97,50,15,18,18,21,19,20,27,25,74,224,32,48,32,35,39,81,157,73,42,48,51,109,195,51,54,64,137,199,62,64,125,187,100,76,150,185,87,88,248,160,98,270,104,126,349,114,282,122,176,242,140,347,142,334,174,334,192,384,299,194,353,184,388,403,199,366,332,291,388,442,410
dynamic,RO,table,4,111,2,2,2,4,4,3,5,4,4,5,4,6,8,5,7,306,7,9,10,10,16,11,13,12,13,17,14,43,87,87,22,24,94,45,24,27,108,146,29,31,32,40,48,40,127,118,48,50,58,62,123,159,90,57,59,154,127,80,71,144,253,79,206,135,88,127,263,99,173,219,107,204,226,136,293,127,335,153,341,141,325,193,316,164,388,174,332,239,359,390,329,407,348,438,483,413,288,371
dynamic,RO,table,5,16,115,91,25,2,3,2,3,3,4,5,5,4,5,5,7,7,7,11,8,9,12,11,11,12,17,75,143,18,16,18,23,20,21,27,24,25,54,144,131,80,34,43,71,229,38,42,49,45,325,61,53,54,223,83,59,65,85,279,70,76,163,146,94,89,259,127,111,282,116,134,268,116,229,176,148,312,132,299,156,369,145,354,156,327,201,325,243,309,353,212,413,380,255,655,234,427,379,323
dynamic,RO,table,6,109,25,30,24,2,3,4,8,4,4,9,4,5,5,6,8,11,7,10,8,55,92,66,40,12,13,16,14,20,17,17,22,20,20,52,100,128,33,31,31,31,32,125,89,78,54,44,50,49,108,156,82,53,65,222,90,62,66,177,149,76,77,146,239,84,142,321,93,256,114,107,309,111,292,132,123,316,132,309,156,340,157,354,155,367,258,324,298,233,345,257,353,372,223,377,422,411,244,437
dynamic,RO,table,7,16,101,110,58,30,3,8,6,4,7,5,6,5,5,6,13,7,32,10,8,14,69,135,31,12,12,17,14,19,16,17,22,22,55,278,22,50,33,29,30,93,199,39,35,37,38,41,112,190,45,57,51,101,201,62,61,68,148,181,73,76,244,83,93,101,278,104,121,228,115,161,316,115,359,431,143,232,206,232,244,215,291,312,204,341,184,358,175,342,279,297,366,219,369,395,333,305,396,456
dynamic,RO,table,8,13,95,3,2,25,3,2,22,16,43,85,33,38,5,6,8,7,7,10,9,9,11,10,11,16,12,16,15,44,250,17,25,32,68,80,211,26,31,28,29,31,32,83,113,101,38,46,56,97,237,59,50,54,111,231,58,65,95,277,82,82,289,79,93,233,114,109,166,209,117,200,173,116,307,190,294,126,414,132,326,141,329,194,309,167,374,180,352,320,236,413,316,280,358,331,318,387,423,427
dynamic,RO,table,9,15,90,2,2,2,5,6,4,3,4,6,4,4,11,5,9,7,27,41,40,100,34,11,11,14,14,18,14,15,17,20,23,20,138,98,65,38,60,31,32,78,181,70,35,37,51,94,160,52,70,55,51,152,152,57,60,64,228,85,72,75,157,172,96,118,213,104,95,297,150,202,180,114,267,189,199,236,149,313,155,301,161,350,159,339,219,324,305,225,358,213,370,341,277,408,412,381,238,445
dynamic,RO,table,10,20,89,84,19,46,27,3,32,3,4,5,6,6,7,13,7,7,7,9,10,11,12,11,15,41,138,70,14,15,16,18,25,24,21,94,154,65,32,63,29,32,32,66,235,38,39,41,51,155,113,56,52,60,64,186,118,64,68,173,150,74,81,164,194,86,144,237,94,140,265,106,204,175,119,349,124,266,161,156,328,167,319,230,295,272,256,368,192,364,292,292,387,344,313,348,446,389,225,440
dynamic,RO,vector,1,88,104,62,35,2,29,3,3,3,3,4,4,5,5,6,6,6,7,12,8,9,11,11,13,12,13,14,85,141,41,18,18,20,21,26,64,153,95,29,58,32,31,34,36,111,170,45,43,44,51,185,84,53,64,60,112,212,64,71,109,189,76,80,84,268,109,103,290,115,185,270,124,270,119,214,234,160,345,206,286,199,294,256,270,351,213,372,361,215,365,239,360,387,436,207,359,388,249,410
dynamic,RO,vector,2,17,41,36,24,110,27,3,3,4,4,4,4,8,5,9,6,9,8,8,13,9,11,11,17,12,16,14,74,62,113,17,18,20,22,23,23,30,192,107,34,50,34,34,37,55,146,96,41,45,47,50,107,161,62,61,68,345,62,68,165,144,75,81,131,225,88,93,269,98,120,323,117,243,136,122,327,124,244,196,183,281,172,311,180,333,268,251,386,178,376,284,275,392,263,330,382,294,397,1343
dynamic,RO,vector,3,424,2,2,8,2,15,36,127,54,64,86,42,39,39,40,10,39,303,8,9,9,12,10,14,15,12,14,15,21,115,86,18,21,20,27,24,25,32,34,75,141,123,34,35,37,38,56,204,44,46,49,52,55,159,153,70,62,139,142,71,73,77,222,128,84,149,190,95,101,305,109,212,202,121,322,121,188,233,139,326,145,323,151,348,161,345,183,383,358,194,388,364,198,365,235,341,387,245,390
dynamic,RO,vector,4,16,38,51,13,39,115,29,4,5,4,5,5,5,7,6,6,7,7,8,9,10,12,11,14,65,204,14,14,15,16,17,18,20,20,33,96,125,83,46,35,32,33,58,122,122,38,41,45,48,109,191,49,52,74,167,118,64,65,72,173,160,75,81,220,104,87,116,254,101,332,110,125,305,114,193,197,136,353,132,300,173,341,169,336,161,366,186,324,247,319,363,194,386,369,237,383,388,237,409
dynamic,RO,vector,5,14,103,11,104,25,3,6,3,4,4,5,4,5,10,10,10,6,7,9,9,9,12,11,14,12,13,33,72,56,67,48,18,20,21,22,23,31,186,87,60,49,32,36,35,92,247,41,41,44,87,159,57,54,67,58,172,148,66,70,134,164,76,81,133,233,89,93,243,131,116,265,143,201,218,121,335,131,303,133,243,229,235,229,186,322,268,249,399,201,327,239,315,368,214,411,357,223,386,412
dynamic,RO,vector,6,87,2,2,8,3,3,5,9,3,3,4,4,35,173,6,6,11,7,14,8,9,11,14,20,13,12,14,14,16,17,18,249,24,20,46,89,25,73,114,125,30,32,34,34,76,221,41,41,50,51,189,123,51,63,58,194,90,65,69,93,240,94,80,232,104,88,94,290,97,196,244,119,299,113,158,266,127,317,159,315,143,250,246,306,193,379,211,401,359,208,364,352,231,373,362,277,387,460,411
dynamic,RO,vector,7,15,40,57,3,4,4,24,4,3,5,8,8,16,58,112,60,7,7,7,9,9,12,11,13,12,13,14,15,16,17,66,119,48,20,26,54,54,53,49,116,105,58,33,36,37,53,114,123,44,46,55,55,152,225,56,65,301,62,67,71,321,73,78,212,122,88,119,262,97,176,201,122,217,204,119,278,129,251,220,209,255,145,341,177,325,256,279,369,181,365,281,264,386,260,375,369,287,315,389
dynamic,RO,vector,8,15,38,22,2,3,3,3,7,4,13,4,4,5,226,6,6,7,7,9,8,8,11,12,21,12,14,14,17,16,19,49,76,63,85,23,78,80,79,213,33,30,31,38,34,110,135,60,43,47,50,68,197,52,64,58,75,166,128,71,71,126,198,81,81,169,182,91,213,166,110,209,282,349,110,191,259,123,299,134,254,207,321,152,225,266,316,202,378,176,347,236,335,376,219,405,391,423,219,411
dynamic,RO,vector,9,17,46,16,84,15,41,131,29,3,3,4,4,4,5,5,11,6,7,8,8,9,11,10,284,11,19,13,14,16,16,21,64,113,60,97,48,26,37,28,38,31,235,52,35,37,38,42,113,177,73,47,49,64,221,76,68,64,133,177,70,88,162,160,83,89,195,149,96,151,218,106,368,107,169,244,140,430,284,161,157,314,149,315,158,365,276,234,306,256,338,189,415,396,235,375,387,285,355,483
dynamic,RO,vector,10,14,68,133,49,36,20,3,4,11,3,5,10,5,6,5,6,11,12,9,13,10,41,87,97,13,13,15,17,16,21,18,18,27,22,71,87,132,35,46,37,32,32,84,155,39,41,42,43,47,70,225,51,54,63,103,199,63,66,69,146,149,78,80,254,83,87,101,262,129,141,282,117,355,112,174,220,128,310,144,279,153,242,243,239,235,316,240,382,280,338,359,314,331,433,419,317,289,458,390
dynamic,RC,table,1,4,3,3,2,2,5,2,2,3,3,4,4,4,21,20,106,67,7,17,9,11,12,56,37,11,12,20,13,15,88,144,45,22,20,26,22,24,30,28,175,63,32,39,55,46,37,113,160,42,46,58,49,126,148,58,60,72,126,206,70,78,198,130,93,90,240,156,93,254,120,107,288,148,207,215,189,289,131,301,156,372,142,336,153,348,249,278,264,299,357,251,326,372,197,399,402,259,380,419
dynamic,RC,table,2,17,85,2,2,29,98,29,66,26,4,5,4,7,9,6,7,7,8,10,8,10,12,11,11,12,13,68,154,16,16,18,22,19,21,31,44,237,146,27,29,30,31,111,131,38,40,42,50,50,183,138,49,53,62,163,128,65,66,110,231,76,78,174,179,86,90,233,128,102,288,107,110,289,112,213,194,128,257,194,349,137,245,236,222,244,375,164,354,187,389,362,186,407,381,202,438,376,220,443
dynamic,RC,table,3,17,250,25,2,3,24,4,4,5,4,5,5,5,5,6,7,7,7,10,8,10,12,11,37,57,145,50,13,16,17,22,22,19,39,152,77,51,30,52,29,32,34,82,195,37,37,42,54,67,217,55,52,53,64,162,165,64,65,179,126,74,78,152,207,86,89,262,93,103,323,102,168,259,113,341,116,229,199,135,377,226,228,220,294,269,248,275,250,340,178,398,280,279,399,322,290,413,377,279
dynamic,RC,table,4,205,24,2,3,31,3,5,3,4,12,5,5,7,9,7,10,11,7,10,197,9,11,10,11,12,13,20,14,20,17,18,26,22,21,53,107,179,30,27,50,32,128,85,54,44,40,42,49,100,202,55,51,54,117,152,77,64,66,192,144,76,78,179,149,88,102,285,93,122,257,106,151,242,116,316,117,141,301,135,323,143,325,167,290,158,329,202,348,177,381,333,211,388,315,291,435,403,231,428
dynamic,RC,table,5,16,280,2,2,2,4,6,5,3,5,6,6,7,11,6,7,7,12,10,9,9,11,65,169,14,14,17,19,17,17,18,25,21,26,280,22,25,51,29,31,32,75,230,35,37,38,41,105,157,46,59,55,54,117,223,59,63,134,172,69,75,98,314,91,274,83,104,116,259,111,192,184,113,185,263,132,272,131,259,222,316,141,285,231,335,177,351,174,357,224,350,371,217,373,368,254,393,379,353
dynamic,RC,table,6,128,12,2,2,2,3,3,3,4,4,9,7,12,5,6,7,7,7,10,73,37,81,36,32,12,16,17,14,23,19,17,23,21,30,94,212,25,34,27,29,73,127,73,36,38,173,134,131,50,47,57,121,135,62,58,60,86,242,80,71,116,200,80,98,315,88,103,219,127,117,222,156,112,277,141,157,363,271,129,157,340,144,334,158,329,195,350,312,209,321,238,359,278,295,372,308,296,403,408
dynamic,RC,table,7,58,20,5,2,19,3,3,3,5,4,5,4,6,5,7,7,6,31,105,49,49,12,11,11,12,13,17,15,16,18,18,24,21,216,28,70,34,74,29,49,148,91,38,39,39,54,64,185,89,69,57,61,325,60,57,231,112,63,78,161,170,76,80,283,83,88,206,183,100,247,135,110,315,129,232,197,158,322,133,317,154,379,256,211,174,426,336,170,386,255,292,379,267,307,403,430,208,416,432
dynamic,RC,table,8,14,38,54,2,2,3,8,7,5,4,4,4,24,41,58,52,71,7,34,9,10,12,10,18,12,13,17,14,15,88,83,57,37,24,61,72,25,101,183,28,30,31,40,36,137,116,41,49,48,51,90,287,51,62,91,214,63,67,81,205,133,77,143,260,84,119,323,92,325,111,151,240,115,222,212,253,207,131,322,163,349,145,328,160,334,231,261,199,411,318,212,379,376,197,362,415,228,415,417
dynamic,RC,table,9,14,50,12,8,3,27,3,79,128,26,23,4,5,5,6,7,7,7,10,8,9,12,11,11,13,13,15,270,15,16,17,26,37,364,27,24,25,37,28,29,91,172,38,34,39,40,46,164,156,46,55,50,108,169,57,60,66,110,250,70,75,242,91,93,116,273,109,173,191,114,197,206,112,251,164,144,348,172,326,260,228,237,231,190,297,256,240,282,265,356,218,370,362,215,410,393,264,367,434
dynamic,RC,table,10,16,44,16,10,2,76,33,36,21,75,39,5,5,5,8,7,7,12,10,10,9,15,17,13,34,45,154,38,19,19,24,26,90,127,107,93,26,33,29,31,112,144,40,37,44,42,49,253,81,46,60,65,272,78,64,105,231,65,79,117,212,79,86,306,107,85,263,91,102,235,166,107,286,118,187,280,124,304,131,346,140,325,167,302,182,355,167,328,172,351,248,386,364,299,277,374,339,599,256
dynamic,RC,vector,1,211,21,2,2,2,5,7,8,4,4,9,5,5,6,7,6,7,7,12,9,9,11,48,139,12,13,19,15,16,17,21,19,20,20,24,23,42,123,123,34,31,36,59,52,112,106,41,47,45,48,78,260,54,68,89,236,67,64,67,170,154,78,83,261,86,95,172,206,100,232,139,126,309,141,222,189,129,339,138,300,143,362,188,302,161,378,170,342,225,326,347,224,384,384,246,387,406,323,326
dynamic,RC,vector,2,117,91,27,2,2,3,3,6,6,3,5,4,11,5,6,7,7,12,8,8,9,13,11,14,12,31,68,120,50,16,18,19,21,20,22,23,25,98,157,35,31,32,60,37,50,153,105,43,46,46,50,194,95,70,61,100,246,100,67,173,127,76,83,134,223,88,154,276,99,402,101,322,107,143,293,123,304,127,241,215,191,276,179,319,201,291,260,289,343,187,359,299,269,382,276,305,399,276,348
dynamic,RC,vector,3,60,2,119,90,30,4,4,4,4,7,5,5,14,6,6,10,8,8,8,17,10,12,11,26,83,82,14,20,63,16,18,18,20,20,23,134,112,59,27,58,32,32,35,106,118,63,40,43,46,47,170,108,53,65,59,163,129,65,70,76,247,118,85,186,140,93,96,328,106,236,171,123,311,115,252,167,131,327,134,310,140,286,188,286,198,345,202,380,206,390,356,188,381,361,228,416,390,256,420
dynamic,RC,vector,4,15,231,2,2,3,4,3,9,4,4,4,7,6,8,9,8,12,9,8,8,11,12,12,14,49,183,31,14,15,16,18,19,20,22,22,24,140,102,28,36,56,35,36,36,188,92,42,43,46,47,121,163,53,63,60,173,153,66,70,126,223,76,81,199,158,89,210,150,100,183,238,122,283,114,152,354,217,215,134,328,143,343,154,365,170,321,199,375,359,180,382,314,234,388,258,328,378,269,342
dynamic,RC,vector,5,17,22,17,52,55,19,14,80,27,4,5,8,5,6,7,6,7,7,9,9,9,12,11,14,12,13,57,51,94,19,18,18,24,21,22,24,26,148,159,39,49,32,35,36,39,140,95,47,45,46,52,277,75,65,56,131,150,65,70,78,202,124,81,85,249,116,92,259,132,269,160,132,278,148,150,312,127,315,136,316,141,257,234,325,178,388,168,352,244,284,363,190,401,391,229,397,387,247,387
dynamic,RC,vector,6,14,40,120,90,3,5,3,3,4,10,4,6,10,5,6,13,6,7,8,9,9,12,11,13,12,13,83,93,70,16,18,18,20,21,22,27,52,251,27,53,31,33,39,36,154,109,41,42,52,46,153,141,58,67,59,142,171,64,72,126,247,74,80,278,102,86,281,91,100,265,147,153,269,114,300,144,172,238,140,329,143,326,151,318,181,636,302,359,192,381,217,377,396,299,264,409,258,302,434
dynamic,RC,vector,7,4,49,8,18,4,3,3,4,3,4,4,18,31,127,43,6,10,9,8,8,9,12,11,14,12,13,14,18,16,16,18,64,104,52,22,23,24,40,75,141,116,52,35,35,38,40,46,123,143,46,52,54,153,179,55,68,63,143,133,73,79,94,235,81,89,146,198,95,102,273,105,153,291,114,298,120,216,242,246,211,147,339,152,341,171,374,347,188,353,241,301,272,353,429,413,309,264,432,403
dynamic,RC,vector,8,14,76,2,2,22,3,3,3,3,3,4,5,5,5,24,41,57,112,27,8,10,12,10,14,12,12,13,15,16,16,18,62,108,66,22,60,34,75,29,86,175,31,34,35,38,50,131,130,45,46,54,59,95,209,59,69,64,263,91,70,91,254,105,83,257,116,92,184,192,115,281,119,116,317,124,293,155,221,248,225,235,182,366,321,179,388,168,354,235,310,366,189,397,333,228,403,405,219,429
dynamic,RC,vector,9,15,93,43,80,22,25,3,4,4,5,13,31,5,6,6,7,7,7,9,11,13,12,14,14,13,79,72,50,40,44,17,18,20,21,26,49,111,122,56,52,30,34,36,67,255,41,40,41,50,171,87,50,61,63,87,260,63,65,127,179,73,76,109,310,84,254,121,93,152,269,106,263,112,123,374,136,320,130,332,140,361,171,368,220,273,351,192,367,174,365,297,259,408,274,291,423,320,290,433
dynamic,RC,vector,10,14,83,18,21,19,86,44,34,6,5,5,5,8,5,6,9,7,8,8,9,9,13,11,15,19,30,48,60,117,24,17,22,21,21,27,40,238,48,49,37,30,32,36,56,127,125,42,43,46,47,183,86,91,62,60,210,115,64,75,193,110,78,85,277,87,91,206,174,98,212,197,123,304,112,231,225,228,212,137,361,140,319,166,367,175,409,355,190,329,211,415,353,284,324,363,255,357,413,393
guided,RO,table,1,27,2,3,2,26,2,4,2,2,3,5,3,5,3,3,3,34,89,98,4,18,49,5,5,6,21,43,7,7,7,11,8,10,9,43,175,11,11,12,13,14,14,16,17,17,18,20,32,123,141,44,44,25,33,30,31,120,90,37,38,40,42,47,51,138,121,49,53,53,57,237,84,64,66,164,184,69,71,291,107,82,287,85,100,205,125,105,146,322,142,252,114,332,136,304,129,132,293,139
guided,RO,table,2,11,71,24,145,2,2,2,6,3,21,3,4,3,4,3,4,4,4,11,4,10,5,5,5,10,27,7,7,7,29,64,60,73,38,10,21,12,14,14,12,17,14,16,16,41,132,87,45,41,23,25,26,28,46,192,94,31,33,36,39,93,168,77,56,45,47,216,141,51,54,132,145,61,63,72,193,173,76,201,128,80,86,228,155,90,240,142,101,227,184,120,290,116,208,241,125,303,135,301
guided,RO,table,3,87,9,2,19,2,2,10,4,3,3,3,8,3,4,3,27,46,39,79,4,5,15,7,6,6,8,7,8,8,10,10,12,11,11,15,14,16,16,27,70,131,41,80,57,18,18,23,79,173,21,26,23,26,27,29,43,120,208,43,36,38,57,141,94,44,47,50,55,123,135,94,58,62,169,122,104,71,157,197,78,103,269,84,91,284,112,143,254,108,191,285,217,232,157,349,255,252,254,260
guided,RO,table,4,127,65,39,36,27,3,8,3,8,3,6,5,3,4,3,4,8,5,12,4,8,5,11,7,8,7,8,8,19,43,165,38,11,11,12,13,15,17,16,16,18,22,36,202,22,35,51,28,27,27,30,124,91,78,36,36,40,41,87,146,48,50,54,56,99,192,94,69,129,185,69,71,95,237,99,89,285,115,91,181,195,105,291,124,110,264,122,175,239,130,307,137,323,181,247,205,230,238,239
guided,RO,table,5,167,2,9,2,2,3,3,6,3,3,3,3,4,7,3,4,4,4,5,6,5,6,6,6,17,38,51,87,11,31,14,13,15,16,17,17,22,23,17,17,341,20,24,21,22,23,69,78,101,28,70,36,33,37,53,118,160,63,43,44,117,140,75,55,55,114,188,95,65,99,193,72,74,79,272,110,84,202,142,106,185,202,112,224,145,113,261,172,215,216,135,342,155,313,148,354,159,316,182
guided,RO,table,6,91,171,2,2,6,2,3,9,3,7,3,4,4,6,4,4,4,5,6,5,6,6,6,7,7,7,25,65,127,9,11,17,11,12,14,14,14,15,16,16,21,20,39,260,22,24,25,51,31,80,228,32,33,35,36,40,121,179,45,48,47,82,143,123,56,57,90,195,108,73,90,257,75,77,124,224,85,87,281,98,98,264,156,130,239,114,219,237,126,289,133,337,145,250,232,258,253,408,251
guided,RO,table,7,170,31,2,2,2,3,3,2,3,3,3,3,4,3,4,4,5,4,5,5,6,6,6,58,87,66,31,12,9,12,11,11,12,12,13,18,16,15,16,17,378,19,25,20,22,127,89,42,27,41,31,30,33,34,135,155,40,53,64,95,186,68,52,53,87,237,64,62,65,274,70,71,92,281,81,83,225,119,91,156,244,101,210,164,111,218,202,157,256,129,277,158,189,244,156,333,176,296,175
guided,RO,table,8,104,13,15,16,39,6,20,3,3,5,3,4,3,8,3,4,4,5,8,5,6,6,12,10,7,8,8,8,9,36,107,58,42,12,15,13,22,22,15,17,21,19,26,108,145,45,26,25,54,28,30,123,141,33,42,36,41,41,99,139,87,48,51,128,156,56,60,60,104,252,71,72,155,161,80,89,183,172,91,169,187,135,200,205,111,269,136,140,286,128,307,135,256,216,231,276,359,183,350
guided,RO,table,9,15,73,2,4,2,3,2,3,3,6,3,3,27,47,151,4,4,9,24,4,6,5,31,6,9,7,7,8,13,11,10,11,259,11,17,13,16,39,32,64,56,74,154,21,22,23,25,25,27,28,112,174,50,35,43,101,161,86,44,46,47,49,247,73,60,62,115,161,94,66,69,207,95,77,82,209,141,86,142,206,98,98,385,104,272,140,227,225,159,315,434,135,323,143,249,247,324,152,289
guided,RO,table,10,227,4,24,2,2,30,21,58,94,30,3,3,3,4,4,7,4,10,7,7,9,6,8,8,13,13,11,11,12,31,140,59,20,14,13,18,58,15,16,23,18,36,119,78,53,25,112,27,75,201,48,31,31,34,37,58,158,65,43,45,74,48,132,147,95,56,95,214,64,65,70,161,178,77,81,200,134,88,133,239,100,164,213,105,167,221,127,292,125,155,274,135,308,141,250,203,227,259,229
guided,RO,vector,1,110,20,25,2,2,2,2,2,3,7,3,3,4,4,4,4,4,4,5,10,5,6,6,6,12,7,25,79,49,62,28,10,11,12,12,13,14,15,16,18,17,19,19,53,245,22,26,24,26,26,28,103,109,67,49,36,40,40,90,127,112,69,48,82,226,54,56,61,120,161,89,67,72,255,73,77,119,267,109,142,197,94,100,275,123,133,347,130,319,125,285,147,250,211,242,220,239,286,282
guided,RO,vector,2,81,28,28,2,2,6,6,2,2,3,3,3,8,3,4,4,4,4,5,5,7,5,55,89,31,89,10,36,11,11,12,13,14,19,18,47,84,92,16,16,30,52,20,20,25,22,23,64,99,114,28,29,65,34,73,123,90,39,42,49,44,75,241,68,52,53,143,144,61,61,68,249,103,73,75,281,82,87,228,189,92,272,98,101,226,176,249,305,379,126,292,138,233,223,202,255,150,362,239
guided,RO,vector,3,141,5,20,28,2,6,3,4,8,3,12,3,4,4,4,9,4,6,5,5,5,6,19,12,240,8,10,10,10,10,11,10,11,11,12,13,13,15,41,110,97,30,32,21,23,22,25,25,25,156,131,45,32,32,33,35,131,112,75,42,45,47,105,161,78,81,112,177,148,87,170,149,77,79,174,157,82,90,214,188,92,273,132,134,349,366,111,153,303,121,327,143,325,166,330,145,322,152,289
guided,RO,vector,4,102,2,3,6,24,3,4,8,4,3,4,3,4,5,4,8,4,28,15,108,52,11,6,6,8,8,8,8,11,10,15,11,11,12,12,13,14,14,16,75,125,43,19,20,75,22,35,30,63,158,83,28,32,44,41,69,161,49,42,43,47,46,99,175,94,55,56,146,133,69,94,113,229,74,78,277,105,84,143,292,100,341,98,192,217,108,248,124,119,286,208,317,136,324,141,252,194,253,260
guided,RO,vector,5,17,88,29,87,75,6,5,4,4,4,32,3,3,4,7,7,5,10,5,8,6,9,6,8,10,8,10,267,9,9,9,10,12,12,12,13,19,56,38,76,103,19,18,42,22,25,24,23,30,26,121,138,58,32,35,36,42,171,93,43,46,81,59,266,84,53,56,156,119,93,64,107,214,98,79,154,158,83,87,185,187,96,170,201,105,178,222,181,251,122,242,216,204,231,153,346,193,279,195
guided,RO,vector,6,143,45,24,31,2,3,3,3,3,3,3,3,4,4,4,4,5,5,5,5,5,6,6,7,7,7,30,52,42,93,10,10,11,12,12,13,13,20,16,18,18,23,19,66,146,64,61,24,26,50,28,169,89,32,36,48,40,40,337,42,51,123,227,49,52,57,263,90,60,62,272,96,74,104,339,113,311,82,89,261,137,128,263,100,145,251,173,319,120,255,187,176,222,138,356,149,325,191,331
guided,RO,vector,7,13,43,16,2,26,2,2,2,3,125,61,25,4,9,4,12,4,4,9,5,6,7,7,7,7,7,8,9,11,9,16,11,11,27,183,13,37,15,15,21,80,62,44,159,50,27,24,23,28,26,31,29,86,184,34,36,41,52,41,231,44,46,48,50,70,285,56,58,61,184,115,67,71,124,229,80,80,325,89,118,274,97,183,232,105,246,170,139,278,121,269,250,303,140,227,243,299,185,402
guided,RO,vector,8,15,37,2,24,23,2,3,5,3,3,7,7,35,19,69,104,5,5,7,5,6,6,7,6,7,12,8,8,9,9,11,16,11,12,12,33,203,45,18,62,70,18,36,72,75,98,47,30,25,28,34,103,176,69,36,38,40,64,129,100,44,45,47,49,118,187,57,57,61,141,171,67,70,113,218,98,80,221,106,88,106,266,98,113,247,106,200,284,191,228,124,258,218,305,168,246,285,340,164
guided,RO,vector,9,15,294,2,2,4,11,2,8,3,6,8,3,3,3,4,4,4,4,5,5,6,6,6,6,6,35,39,98,54,31,44,11,11,11,12,13,14,16,15,16,28,248,30,24,45,28,38,44,122,142,28,29,31,34,38,78,258,59,46,44,169,92,53,49,52,53,120,196,63,67,173,142,69,72,94,241,89,83,164,175,96,156,240,101,175,235,111,322,118,170,245,140,321,137,299,145,220,243,222
guided,RO,vector,10,93,17,15,2,25,2,2,3,3,3,7,3,5,3,4,4,4,4,5,6,5,12,7,7,6,8,8,8,20,232,40,12,11,11,15,13,14,15,15,19,17,61,212,21,24,22,23,23,25,26,117,93,102,36,34,35,38,90,153,47,49,45,50,50,136,164,55,59,78,236,65,73,135,252,111,147,187,82,87,176,200,95,168,187,105,180,266,121,292,121,221,241,231,207,220,279,206,300,221
guided,RC,table,1,23,15,2,17,3,3,3,3,17,3,3,5,4,4,5,4,5,5,6,5,6,6,9,38,35,28,22,160,10,10,11,18,12,13,14,15,23,15,65,65,86,29,20,21,25,32,62,25,76,254,34,31,32,43,205,52,38,44,44,44,45,126,179,52,53,55,130,169,62,63,69,229,99,72,76,258,101,85,137,231,92,191,196,101,193,220,110,265,157,171,273,128,303,133,271,199,318,173,321
guided,RC,table,2,148,23,2,3,2,3,5,23,3,23,72,18,46,34,26,5,4,8,9,5,6,8,6,7,8,7,8,16,35,12,11,36,105,126,50,23,56,16,16,21,44,161,73,21,23,22,24,24,42,28,79,126,71,37,40,35,43,71,240,44,46,48,49,315,52,54,57,182,100,63,65,68,194,142,76,87,248,129,84,289,125,125,227,99,105,306,110,188,202,118,297,141,202,236,136,315,150,318,154
guided,RC,table,3,13,71,202,3,3,29,3,3,10,3,3,4,4,4,4,4,5,5,6,5,6,7,6,7,8,7,107,79,10,10,13,11,16,14,13,13,15,15,23,17,20,146,239,26,22,24,25,25,305,36,29,30,32,32,99,163,40,41,42,43,47,136,104,50,57,54,58,247,61,62,65,119,182,70,74,75,305,129,325,107,90,306,99,99,276,105,121,379,362,134,265,200,170,257,136,265,193,269,197
guided,RC,table,4,14,33,36,42,49,121,4,25,3,4,33,4,4,7,7,5,8,5,6,5,8,12,7,7,8,25,36,145,36,32,11,11,12,17,14,18,19,28,147,79,71,47,25,21,21,22,27,25,113,107,51,31,32,33,34,36,95,134,68,44,49,46,50,320,55,65,337,82,62,102,192,93,70,87,318,77,141,221,87,87,285,118,167,243,105,177,229,111,295,141,168,261,138,307,135,272,205,292,167
guided,RC,table,5,15,49,303,27,2,3,10,6,10,4,5,4,4,4,12,5,5,5,7,5,6,34,89,124,8,7,9,10,10,10,11,11,11,15,58,18,77,72,116,59,20,21,20,21,22,23,80,91,72,28,32,31,35,32,38,140,146,40,44,49,46,112,147,50,52,54,60,112,251,64,65,268,87,95,139,214,80,83,238,108,93,210,175,99,210,156,110,206,222,117,281,134,250,218,233,207,155,311,153
guided,RC,table,6,111,37,11,9,11,27,3,6,3,5,7,4,4,4,8,4,7,8,5,6,6,6,7,7,9,8,14,9,9,22,33,203,12,13,15,13,15,16,16,17,21,22,21,92,154,23,26,24,30,33,54,49,149,112,34,35,49,57,217,90,67,72,130,191,79,56,86,266,69,67,169,165,77,88,267,107,81,213,146,88,176,178,98,121,272,130,290,118,123,313,150,289,160,335,152,282,168,194,294
guided,RC,table,7,17,306,29,2,3,3,3,3,3,4,4,5,4,4,5,5,6,6,8,7,7,7,9,8,9,8,10,61,184,36,12,11,12,17,13,14,14,20,22,238,95,22,20,24,22,68,48,270,27,28,29,30,31,130,134,35,38,41,42,43,104,194,50,50,52,136,154,67,61,66,145,164,70,71,123,209,80,82,174,208,94,192,161,97,159,246,109,295,145,183,258,124,294,137,250,218,222,237,194
guided,RC,table,8,106,17,74,27,3,3,8,3,4,4,4,11,5,4,8,4,7,5,5,6,6,6,42,240,7,12,12,9,13,11,10,14,12,16,14,14,43,71,207,18,18,18,20,21,45,57,117,69,58,27,30,30,34,32,70,138,123,40,48,49,126,133,51,50,52,53,120,185,62,63,79,225,71,71,77,176,178,83,137,218,91,93,310,99,174,209,108,165,309,184,290,197,266,134,324,227,318,254,324
guided,RC,table,9,14,244,28,3,3,3,3,3,3,4,4,4,7,4,5,4,5,5,6,5,6,7,6,7,8,19,59,43,74,10,11,11,16,13,13,14,15,16,17,17,19,19,26,312,62,50,26,25,58,101,90,56,56,32,34,35,226,66,44,44,45,51,116,146,52,53,61,80,190,99,66,67,159,139,76,79,121,240,96,143,198,93,97,295,103,120,271,111,150,249,123,307,129,183,272,153,308,146,370
guided,RC,table,10,15,41,33,42,29,69,74,25,3,4,3,4,7,4,4,7,5,5,6,5,6,7,6,7,8,14,9,9,9,10,10,23,43,65,102,44,15,16,21,53,31,102,85,63,46,23,24,26,31,28,29,107,182,33,35,35,39,48,264,69,45,48,76,153,124,53,56,58,196,100,65,66,113,224,101,80,165,158,90,89,283,121,120,294,103,352,130,287,142,146,351,181,317,205,248,172,268,156,357
guided,RC,vector,1,14,64,37,3,3,8,36,27,46,87,29,4,4,4,4,6,5,11,5,5,10,6,6,7,8,7,11,9,9,9,11,23,44,172,34,14,15,17,17,17,18,29,246,92,22,24,24,25,34,28,80,67,132,33,34,45,74,90,115,79,45,47,56,51,148,158,67,66,268,82,67,71,127,215,90,97,227,84,91,140,236,98,143,210,111,126,352,294,178,121,319,134,312,166,336,144,319,148,319
guided,RC,vector,2,2,63,6,2,3,2,3,9,4,3,8,4,8,4,7,8,5,11,5,34,35,109,27,32,15,9,15,11,16,13,13,14,15,16,18,17,51,130,57,31,20,26,65,20,22,28,73,113,54,27,37,30,33,47,37,91,150,43,44,62,46,66,149,109,53,58,113,238,82,63,80,213,100,74,106,248,84,84,188,149,93,125,261,101,186,171,112,195,251,126,295,129,333,161,284,171,217,260,327
guided,RC,vector,3,17,30,17,11,2,4,3,10,3,4,4,4,8,4,4,7,5,4,6,12,6,44,138,68,35,12,9,16,10,15,11,18,12,16,13,13,224,32,27,76,18,21,27,20,66,203,49,31,26,41,30,30,126,94,57,41,58,43,69,145,128,47,50,50,131,144,57,61,63,116,181,87,72,109,231,78,85,172,201,89,161,193,98,121,285,137,265,139,122,314,125,321,133,216,260,240,210,179,348
guided,RC,vector,4,54,2,14,2,30,19,62,93,3,4,8,8,4,11,4,5,5,5,11,6,10,7,8,8,9,9,10,11,36,72,40,140,37,12,13,14,15,43,18,25,83,116,98,21,22,25,25,26,31,130,88,101,35,32,35,36,90,173,43,44,46,50,68,201,87,55,59,93,185,82,66,69,178,207,79,158,182,83,90,207,157,95,290,134,120,289,116,237,180,121,317,131,310,133,219,258,261,215,218
guided,RC,vector,5,137,51,24,2,2,7,3,3,5,7,3,4,8,6,5,4,5,5,6,5,5,23,87,87,48,7,13,8,9,10,13,11,12,12,13,17,14,15,17,35,204,73,41,21,22,22,34,82,149,67,30,35,31,34,34,87,154,71,70,48,74,201,50,53,54,56,124,154,63,63,66,150,145,73,77,104,298,87,146,183,98,96,263,103,106,282,112,117,294,126,261,158,199,287,243,235,163,395,278
guided,RC,vector,6,81,13,27,2,2,7,3,6,4,8,3,3,3,9,4,4,9,4,5,21,42,135,64,43,10,10,19,11,13,13,13,15,16,50,74,41,55,16,16,21,59,19,19,23,27,22,69,112,103,26,33,44,34,33,84,148,40,40,42,45,56,97,202,79,53,54,142,127,60,63,70,145,176,108,88,229,83,84,115,268,95,141,239,101,158,255,113,255,145,125,319,129,282,163,255,224,256,205,222
guided,RC,vector,7,188,2,3,7,2,7,8,3,5,3,9,3,5,11,3,4,10,7,5,11,5,88,138,6,7,8,12,9,9,10,10,11,13,13,13,13,15,15,17,43,268,18,19,25,24,23,24,130,72,68,44,31,31,36,35,63,302,39,45,44,156,134,68,51,60,337,58,59,108,196,67,68,73,207,145,100,365,91,115,276,93,156,217,104,130,332,114,326,132,308,188,373,214,355,323,145,355,189,345
guided,RC,vector,8,18,42,25,3,2,5,9,3,3,3,3,33,67,20,71,37,27,4,5,9,6,8,7,7,7,7,8,8,12,9,10,11,11,37,49,49,53,46,34,17,18,19,20,28,60,47,274,50,26,27,30,73,147,56,35,35,39,39,42,102,134,67,56,66,60,181,99,60,62,72,212,92,76,74,171,153,84,89,208,119,96,124,251,116,205,192,156,312,122,296,125,173,257,135,339,146,326,153,368
guided,RC,vector,9,15,39,2,27,25,3,3,3,3,29,25,101,58,4,8,3,11,4,8,5,5,6,10,6,7,11,8,8,9,9,12,11,14,12,294,13,17,59,33,49,277,18,20,20,22,27,24,24,30,94,102,79,32,32,42,44,53,140,106,43,47,47,53,141,165,56,60,65,238,85,66,69,150,191,77,80,251,109,88,149,211,98,148,221,110,186,224,116,313,122,198,253,203,252,147,348,280,297,530
guided,RC,vector,10,15,103,106,38,4,36,3,3,8,4,3,5,9,4,5,4,5,5,6,6,6,7,8,21,201,30,31,10,10,10,10,11,12,12,13,13,14,16,263,17,17,18,19,41,25,24,24,25,119,151,29,29,32,32,35,58,158,64,45,45,47,47,90,215,56,55,57,165,147,64,68,89,326,73,117,222,82,84,152,214,94,189,178,100,162,246,114,295,121,143,301,129,305,136,349,179,341,162,350
auto,RO,table,1,15,31,1,1,4,2,2,2,2,2,30,84,114,22,31,3,5,44,4,4,4,5,11,6,6,9,8,7,9,56,81,94,11,17,12,16,21,24,15,16,22,18,26,72,106,98,36,41,32,45,51,286,32,33,35,37,73,130,124,46,46,49,101,167,55,56,65,71,264,68,74,131,200,78,84,157,211,91,145,206,102,100,302,107,173,210,118,268,188,222,216,165,344,250,218,217,303,330,184
auto,RO,table,2,13,38,62,49,22,75,22,28,2,2,2,3,3,3,7,3,4,4,8,4,5,5,6,5,7,7,7,7,9,13,25,33,206,11,15,13,13,14,15,16,19,63,109,60,104,61,25,26,26,27,59,160,100,37,35,37,41,96,161,63,53,58,52,147,175,64,70,141,185,65,70,124,190,79,83,179,188,87,124,309,99,198,176,111,213,174,117,297,145,227,189,134,338,176,328,195,320,210,251
auto,RO,table,3,2,72,11,3,2,7,2,2,22,18,135,39,36,3,4,10,4,6,5,5,10,6,8,7,8,8,9,11,11,12,12,103,46,50,43,13,15,21,15,73,26,92,149,69,23,23,27,25,35,28,100,143,51,33,36,38,61,78,128,115,48,48,53,120,198,59,61,63,262,67,68,73,169,129,81,84,278,105,89,178,174,101,173,279,142,260,144,295,167,222,187,138,346,147,323,153,372,215,300
auto,RO,table,4,14,39,16,3,6,16,23,96,89,24,3,3,3,3,3,4,8,4,8,4,4,5,6,6,6,8,7,7,10,9,10,24,60,160,12,13,14,14,15,15,19,17,19,21,26,270,48,26,27,51,29,31,103,149,35,41,57,61,71,129,116,50,51,52,128,128,60,65,66,144,168,72,74,101,282,82,113,262,93,93,1121,366,380,262,191,131,321,121,275,160,182,268,138,328,153,344,268,254,235
auto,RO,table,5,233,24,2,2,31,2,2,4,7,2,2,3,3,2,7,18,42,142,46,9,24,20,16,11,36,24,28,181,118,40,25,23,10,11,85,187,14,29,16,26,18,19,20,21,22,62,246,34,26,28,29,30,72,215,35,48,39,42,77,277,47,49,52,134,147,61,60,61,113,223,73,72,212,123,84,127,290,89,139,221,102,130,268,138,310,112,149,318,129,289,132,351,138,331,178,364,166,319,168
auto,RO,table,6,12,170,26,67,24,28,2,2,2,2,2,5,3,8,4,5,9,4,5,10,4,103,171,21,27,19,45,22,39,329,18,11,25,12,18,13,14,14,32,94,121,19,19,21,21,22,27,32,30,73,200,29,31,33,38,35,39,191,75,44,46,48,58,149,137,60,59,65,271,77,69,105,274,76,83,259,86,93,168,220,101,217,168,118,236,175,208,260,127,402,346,137,391,143,317,153,297,184,284
auto,RO,table,7,50,6,30,55,28,31,2,2,3,3,11,362,41,17,26,14,26,42,70,68,21,91,18,22,29,101,37,110,8,8,17,9,11,11,14,14,14,42,16,17,19,85,97,48,21,22,26,48,27,35,31,119,118,51,35,36,40,41,118,144,46,48,52,52,122,180,60,60,70,190,113,77,74,175,178,81,129,277,91,150,260,102,200,221,124,301,117,283,148,264,225,185,273,161,328,206,290,200,311
auto,RO,table,8,59,19,63,23,14,14,87,27,2,2,32,8,3,2,3,7,4,4,5,8,39,29,411,16,49,114,65,120,33,26,10,10,11,12,16,13,14,59,234,16,18,18,20,20,21,22,26,59,97,93,29,30,37,33,37,36,79,134,100,44,47,48,83,245,54,57,59,338,65,64,248,121,55,56,110,190,91,69,116,265,89,124,241,87,94,284,95,100,305,134,220,175,116,331,123,250,184,149,320
auto,RO,table,9,20,47,145,109,23,2,2,8,8,2,6,2,4,3,6,3,4,8,4,34,93,74,74,60,107,409,7,6,7,7,8,10,10,11,10,10,11,11,12,13,13,15,64,67,87,37,38,19,22,33,36,40,274,55,26,27,31,32,35,113,134,87,40,43,44,299,46,48,52,105,285,56,73,302,65,68,148,208,90,81,283,86,87,215,153,95,204,161,105,215,174,116,261,142,146,301,126,276,134
auto,RO,table,10,112,239,2,1,2,2,2,2,3,8,3,8,3,3,3,3,5,4,8,39,5,41,59,117,49,29,13,42,56,84,148,114,10,10,10,10,13,15,13,13,18,15,15,16,34,80,106,20,21,22,32,27,27,27,29,43,123,64,80,36,40,40,43,156,114,44,48,52,54,127,142,82,61,64,159,144,71,75,200,160,80,126,201,88,102,253,144,100,287,104,192,248,115,294,126,156,314,167,298
auto,RO,vector,1,57,26,20,133,132,2,2,2,6,2,7,2,5,7,4,4,3,3,59,27,14,14,325,18,13,23,39,91,19,104,90,8,12,14,9,11,10,11,11,12,13,22,15,15,113,91,18,18,21,22,23,38,25,26,27,57,254,28,35,36,37,38,293,44,50,85,108,169,47,50,54,68,159,88,64,70,77,301,92,71,203,128,88,99,299,92,144,273,96,207,219,107,357,114,364,116,366,125,327
auto,RO,vector,2,15,44,11,68,2,3,31,186,2,35,3,6,6,4,4,26,34,28,14,14,40,58,59,22,53,34,8,97,76,61,222,8,8,8,11,11,11,11,12,13,13,14,16,31,66,173,17,40,19,38,22,25,30,63,98,100,48,55,33,34,38,90,187,68,40,44,50,223,78,50,54,56,127,184,60,64,142,166,69,72,122,315,79,143,190,89,95,318,121,185,200,112,325,135,183,213,126,312,131
auto,RO,vector,3,17,44,128,22,76,26,2,6,2,5,2,2,3,2,3,6,3,9,4,4,4,4,4,5,5,39,52,71,171,19,31,38,47,116,170,62,24,20,20,24,33,24,81,133,56,38,20,21,22,23,29,25,75,163,27,30,37,34,34,35,61,221,51,40,45,47,109,164,50,51,62,57,211,84,61,68,168,208,72,73,240,99,80,111,232,95,92,250,119,113,351,116,290,138,144,350,153,296,132
auto,RO,vector,4,66,54,52,34,19,2,2,2,2,2,2,2,2,3,3,3,4,3,8,4,4,9,7,6,6,7,8,9,9,9,57,173,67,21,32,26,25,75,269,48,31,17,14,15,25,39,201,60,19,20,20,23,51,26,85,89,69,31,34,33,41,38,40,339,39,45,161,129,46,53,54,56,180,177,59,64,349,71,69,277,107,76,136,204,93,92,258,147,125,240,106,199,235,112,291,129,152,321,173
auto,RO,vector,5,130,57,9,34,5,3,2,2,2,2,2,6,8,3,3,7,3,5,4,4,9,4,9,4,7,331,35,16,12,41,14,351,27,23,29,31,74,252,11,11,17,13,14,26,16,20,21,98,80,73,20,24,51,24,25,30,31,105,152,33,45,45,43,85,201,41,54,51,50,89,185,79,57,60,169,128,76,71,119,240,76,79,278,81,87,141,251,112,264,141,103,264,138,142,277,122,316,154,323
auto,RO,vector,6,14,88,9,30,18,2,2,5,10,2,2,92,153,3,35,3,33,11,37,26,15,56,32,73,33,22,24,55,157,139,123,7,9,12,9,9,10,11,18,13,18,14,19,38,68,44,63,43,20,23,22,25,47,26,27,63,280,30,31,39,36,281,36,49,41,46,157,125,48,51,73,85,286,57,62,125,153,100,70,102,212,78,82,140,232,86,120,273,106,160,215,108,175,217,128,262,160,172,256
auto,RO,vector,7,148,84,110,2,2,5,2,2,2,8,3,2,2,4,3,6,3,37,272,104,28,12,17,27,46,20,60,49,52,32,33,33,12,11,17,9,11,14,12,12,13,14,19,17,81,55,98,19,25,20,30,23,31,26,30,68,186,32,33,35,37,39,41,234,80,82,45,72,288,48,52,56,244,84,66,128,199,98,71,84,225,103,90,185,193,91,158,191,98,136,278,111,212,173,122,343,122,297,144
auto,RO,vector,8,49,27,33,215,35,2,2,2,5,3,2,7,2,4,3,4,9,34,31,393,14,59,349,6,5,8,14,6,6,7,7,7,9,9,14,10,36,186,36,12,13,23,14,16,18,17,19,19,83,151,55,51,28,24,26,30,30,64,230,32,34,37,39,40,89,114,101,50,51,57,172,125,56,60,64,157,162,94,71,272,78,83,124,247,90,122,227,94,104,308,128,207,197,113,327,118,225,205,173
auto,RO,vector,9,277,3,2,2,3,4,3,4,7,3,2,2,2,3,3,3,5,3,8,3,8,4,8,270,39,15,39,16,40,67,302,21,11,10,10,23,12,12,12,27,75,68,102,46,16,17,17,18,20,23,22,84,118,47,29,51,31,31,34,71,251,35,47,64,63,166,101,46,51,55,124,160,56,64,65,122,209,69,71,144,173,77,83,156,189,100,145,195,100,113,283,124,237,157,119,238,223,202,220
auto,RO,vector,10,19,39,37,82,92,97,2,2,6,8,2,9,3,5,9,4,34,405,15,25,66,52,43,198,5,7,36,6,7,7,12,8,18,9,11,10,10,10,11,12,84,34,88,15,16,21,18,24,24,22,48,23,24,282,26,26,29,31,32,91,149,37,38,41,44,45,80,285,46,50,52,313,54,59,90,240,92,68,113,212,75,78,141,218,86,125,233,107,176,322,101,278,113,206,256,133,305,127,321
auto,RC,table,1,186,113,11,19,26,5,7,10,12,13,13,72,60,39,53,63,3,4,10,4,5,5,5,5,5,10,6,6,7,7,7,8,9,10,10,10,11,12,12,52,113,91,15,16,17,28,33,21,22,26,103,139,46,46,67,47,52,278,32,51,84,281,36,57,41,48,345,43,48,70,228,75,57,66,108,231,88,68,228,120,75,79,256,112,114,205,134,95,172,222,105,186,205,117,324,140,247,164,144
auto,RC,table,2,199,40,2,2,2,19,7,8,2,3,3,3,3,8,3,9,3,4,4,8,5,5,5,5,5,26,106,155,17,19,17,43,24,31,386,11,25,14,12,12,31,229,22,16,17,22,19,23,21,22,23,50,94,119,57,29,47,31,34,114,133,36,47,43,43,45,121,141,69,52,54,93,252,61,66,160,184,67,73,143,170,79,85,157,240,100,260,125,95,216,197,106,283,111,160,292,123,293,129
auto,RC,table,3,65,123,26,91,6,3,4,3,4,3,4,9,3,5,7,4,8,7,4,5,4,54,94,81,23,8,25,34,16,54,44,42,194,117,20,13,12,12,16,15,20,15,16,269,16,22,19,21,20,21,23,24,25,90,79,55,31,33,36,42,38,39,174,64,46,45,54,49,85,351,53,135,157,60,63,65,198,150,70,74,172,159,81,170,222,95,359,87,95,272,127,148,299,112,326,136,314,120,187
auto,RC,table,4,205,36,6,3,3,21,2,2,2,2,3,3,7,3,6,3,4,3,5,4,28,26,87,70,18,25,43,21,17,55,25,71,297,35,10,11,12,63,287,13,13,14,15,16,17,22,19,91,100,82,22,23,25,51,51,64,296,30,43,35,80,198,40,40,42,46,82,246,48,54,56,126,190,57,63,71,267,66,71,76,267,98,81,230,114,90,122,279,99,211,201,107,300,152,326,112,130,400,314
auto,RC,table,5,51,26,25,36,2,7,2,2,2,2,2,3,3,3,6,3,29,67,69,62,33,14,36,75,16,62,40,196,62,81,32,97,176,9,10,12,11,12,19,13,13,14,48,17,260,16,18,27,20,21,22,23,25,58,179,57,31,32,40,36,55,117,124,40,45,66,62,124,177,74,53,56,249,58,63,71,135,227,71,75,237,108,84,126,261,88,202,177,97,133,344,184,230,131,336,115,228,182,139
auto,RC,table,6,26,254,32,2,2,37,2,6,3,2,6,4,8,8,4,3,10,3,5,54,54,127,13,23,20,17,21,27,41,18,183,118,9,10,40,11,12,20,13,14,69,53,115,16,17,18,20,20,21,22,24,26,42,295,30,27,31,32,33,304,35,37,45,41,306,41,48,47,87,159,82,58,58,60,143,161,68,71,124,193,76,80,167,167,121,103,262,92,107,321,103,297,132,131,343,118,259,139,204
auto,RC,table,7,249,27,2,2,2,2,2,2,2,3,3,9,3,9,3,313,31,39,28,26,13,359,42,16,32,7,6,7,47,32,128,30,9,9,16,29,11,12,12,14,14,19,15,16,39,68,143,19,23,32,23,43,24,26,49,89,99,52,34,40,37,39,64,164,94,45,47,48,74,146,100,56,58,65,187,187,65,124,200,71,77,123,263,81,85,255,121,151,244,100,360,186,383,140,293,130,334,147,238
auto,RC,table,8,194,2,4,2,4,2,2,2,2,2,3,5,3,3,6,7,7,19,249,14,10,39,13,28,14,12,12,107,72,72,122,28,27,29,59,52,112,36,13,13,14,14,29,39,17,18,22,30,94,95,23,24,49,26,27,28,45,105,169,35,37,42,40,42,157,119,46,48,51,55,149,153,60,61,131,172,66,81,152,218,81,79,196,142,87,123,264,93,131,318,103,408,163,245,122,323,142,191,214
auto,RC,table,9,62,20,16,43,45,199,2,2,25,3,2,3,2,3,77,12,25,11,11,305,23,15,76,116,99,62,6,10,13,10,12,11,14,14,17,17,13,12,15,14,67,125,16,16,17,18,20,28,21,22,24,24,27,84,122,94,29,33,35,36,72,146,125,41,42,50,105,187,51,53,54,120,173,69,84,69,173,127,72,75,151,141,82,91,159,197,92,127,296,96,196,195,118,253,115,120,322,152,271
auto,RC,table,10,30,26,24,29,34,13,2,2,3,3,9,81,64,36,91,15,17,42,11,7,218,46,34,66,70,52,311,7,9,12,10,19,11,11,13,29,62,53,117,39,17,19,26,20,22,22,46,26,97,213,29,30,41,33,91,150,60,40,44,45,55,124,160,68,68,85,158,106,61,63,76,243,102,74,154,176,81,83,241,165,93,256,144,100,261,171,253,142,141,319,126,308,156,223,236,238,217,183,323
auto,RC,vector,1,14,37,29,15,69,49,19,52,23,3,2,6,9,7,4,3,3,10,7,5,12,48,119,39,37,56,54,51,29,42,27,132,212,34,13,13,14,14,16,17,85,183,20,20,22,29,24,26,27,38,115,129,32,33,59,35,40,170,112,48,46,48,64,199,89,54,62,79,152,137,73,67,169,143,78,78,159,191,100,329,95,98,243,164,146,338,114,308,124,303,146,220,233,189,260,149,352,216,290
auto,RC,vector,2,61,111,31,11,59,48,34,28,2,2,2,2,3,7,7,4,3,42,66,177,24,36,12,18,16,44,438,28,9,9,15,16,11,15,12,12,14,100,66,73,17,20,21,20,21,31,35,24,96,75,114,30,31,32,38,36,110,118,51,44,46,48,49,136,131,55,60,60,118,159,75,69,78,209,137,79,104,248,92,91,212,153,103,230,145,110,289,119,139,353,381,199,372,364,173,318,151,227,256
auto,RC,vector,3,13,34,148,89,32,3,2,4,2,2,2,3,3,5,4,4,5,5,6,6,7,7,31,181,54,142,54,74,197,41,38,32,11,12,14,17,15,14,15,20,48,112,109,53,22,22,24,34,27,89,108,58,57,33,35,36,39,83,189,45,45,48,61,146,125,55,57,59,88,247,66,69,103,193,78,80,103,220,184,217,168,97,186,216,130,297,114,188,259,124,300,131,259,211,279,182,239,289,386
auto,RC,vector,4,13,42,2,16,13,42,18,89,96,25,3,9,7,3,9,3,5,4,44,166,166,49,17,40,18,82,153,144,71,17,73,10,11,169,56,13,20,15,17,21,17,19,20,20,25,22,69,87,95,26,29,30,31,33,39,108,124,48,45,43,46,46,99,208,54,56,57,247,88,62,65,120,205,74,90,257,82,88,125,264,111,174,196,102,171,243,117,265,145,167,275,131,303,139,278,214,333,156,359
auto,RC,vector,5,13,37,119,2,2,7,15,10,28,76,63,3,3,3,3,3,3,3,4,4,38,34,8,38,109,45,101,68,433,9,14,11,11,15,13,14,14,14,15,16,17,145,132,22,21,29,24,24,30,54,291,29,31,32,35,36,116,154,119,56,64,143,98,54,52,54,78,238,63,65,67,248,71,76,78,152,172,85,93,267,94,105,255,186,199,179,112,225,220,260,173,129,334,138,329,153,367,156,344
auto,RC,vector,6,14,41,347,2,2,27,2,3,6,32,2,32,47,6,313,27,5,40,359,5,54,5,6,6,7,7,7,8,9,9,9,10,11,161,55,31,14,15,15,16,18,19,19,20,21,22,75,110,102,27,33,50,33,32,82,208,41,40,44,43,291,47,50,51,110,252,58,59,62,183,136,74,73,235,109,78,129,275,89,134,236,94,144,283,108,259,148,129,404,206,195,135,326,148,325,141,319,195,321
auto,RC,vector,7,101,39,34,31,33,151,26,2,9,3,8,4,32,47,50,65,95,23,66,22,16,108,39,65,65,32,62,48,29,9,36,14,13,19,13,13,35,255,15,16,23,18,22,20,26,22,23,154,125,46,28,29,32,32,64,209,39,39,42,49,49,136,142,58,53,57,174,113,62,64,67,141,182,73,76,187,150,84,89,296,96,97,264,103,116,303,112,234,177,124,332,130,311,137,224,280,439,361,185
auto,RC,vector,8,17,381,2,2,8,3,2,6,3,5,7,4,3,61,35,34,53,107,30,42,38,17,52,297,11,23,8,8,8,9,12,11,11,11,12,13,32,44,99,49,35,41,19,20,22,23,24,24,58,171,28,30,31,31,34,37,39,82,181,43,45,46,53,92,156,83,57,60,94,276,88,108,226,75,77,142,216,85,88,248,111,96,195,184,108,232,141,122,338,125,262,152,155,319,153,328,188,354,275
auto,RC,vector,9,202,1,2,2,8,2,2,2,3,6,3,3,3,9,23,298,20,13,13,26,26,101,40,91,102,58,211,117,9,8,9,10,12,13,17,29,16,35,16,74,108,60,41,21,40,32,38,24,39,73,223,29,31,32,34,63,102,109,41,44,51,46,75,208,83,58,59,128,181,63,71,79,191,123,77,101,257,93,88,299,96,100,275,114,126,365,133,284,142,307,148,283,153,193,318,247,199,204,348
auto,RC,vector,10,14,36,41,52,107,24,2,2,6,2,2,4,4,7,3,8,5,4,5,6,6,7,8,8,74,403,55,81,82,100,43,23,11,12,13,14,14,21,15,45,52,89,99,19,22,22,24,25,28,46,137,108,47,52,36,36,73,254,42,42,47,63,150,96,54,55,61,107,215,64,66,110,260,76,78,249,115,84,143,258,97,193,202,233,264,280,239,189,231,128,355,440,141,283,203,249,183,200,335
