POOL TYPE,MATRIX SORT,MATRIX TYPE,#,2,3,4,5,6,7,8,9,10,11,12,13,14,15,16,17,18,19,20,21,22,23,24,25,26,27,28,29,30,31,32,33,34,35,36,37,38,39,40,41,42,43,44,45,46,47,48,49,50,51,52,53,54,55,56,57,58,59,60,61,62,63,64,65,66,67,68,69,70,71,72,73,74,75,76,77,78,79,80,81,82,83,84,85,86,87,88,89,90,91,92,93,94,95,96,97,98,99,100
static,RO,table,1,42,26,26,30,24,25,26,32,29,27,24,34,31,29,79,180,47,108,193,71,173,220,204,177,57,159,83,82,70,213,418,207,369,355,420,108,298,123,121,120,159,152,644,982,521,647,820,1106,822,209,199,923,1553,1038,1477,2557,1204,970,973,1699,1029,927,1187,1615,1511,1916,1424,1843,1125,1429,579,2359,647,2088,3235,2925,861,2740,3293,1505,1682,747,2005,2143,1489,3365,3190,2679,1324,3034,1671,1763,1642,4543,2061,1680,5021,2127,3499
static,RO,table,2,27,34,45,38,35,40,37,70,48,34,30,33,66,39,63,52,145,100,90,56,60,56,165,61,147,312,471,374,293,88,381,501,116,579,174,373,199,725,131,154,723,1029,186,217,213,384,942,240,368,1168,797,904,678,298,1378,1627,868,612,1383,455,1149,553,968,1378,760,641,2344,2196,2548,1933,2232,1945,1292,2858,2655,1622,3301,2873,2785,2772,2476,3115,3687,3760,2196,2272,3326,3427,2803,4094,4210,3522,6236,2081,4640,1384,2528,4251,5083
static,RO,table,3,42,36,33,36,30,37,30,33,33,30,29,32,53,83,77,58,75,135,85,209,49,52,62,116,74,153,273,342,189,87,135,112,414,433,192,463,128,195,246,163,744,158,165,445,1096,183,242,243,954,257,399,1274,1556,1719,1456,1393,1013,938,2138,1231,1578,634,1873,1975,1804,2182,1492,1960,2451,1877,2455,2690,1281,2787,1679,3042,865,3392,2188,3399,2820,1631,3787,2899,3307,4177,3545,3193,3598,861,1198,4230,2158,2967,4215,4645,4538,2415,3485
static,RO,table,4,39,37,30,31,31,34,27,41,31,29,29,31,57,82,53,113,43,45,47,94,284,109,194,74,125,134,78,374,260,382,105,534,97,455,504,320,142,548,542,152,871,850,232,438,244,1076,181,195,918,1008,1153,784,286,1067,1510,339,1393,307,1850,1674,1760,1147,1710,1679,446,1934,1458,630,732,1954,2624,672,2800,1714,2558,2026,2303,1595,2582,672,3430,3697,3924,3813,2173,2235,3261,801,1253,1426,3744,3631,3609,3845,4037,4063,3140,3013,4488
static,RO,table,5,51,38,31,30,33,29,41,41,32,28,31,30,36,41,55,41,37,44,120,155,187,58,138,66,79,329,373,282,395,86,89,622,112,101,477,138,152,216,850,855,637,227,181,363,1434,1335,265,264,1098,1261,249,1287,1093,1202,875,847,1488,1287,1133,1671,658,2035,1620,2042,1585,2144,489,2153,2598,2709,1703,3588,3245,2562,1965,2599,1946,2592,2500,2213,1967,2979,3664,3516,3035,2086,3142,2412,2710,3837,4588,3947,3747,4389,3842,3551,5245,2904,4943
static,RO,table,6,43,33,29,34,32,30,26,29,29,39,31,27,30,39,65,82,126,134,264,130,111,110,228,64,71,242,81,205,271,92,315,112,104,559,606,594,132,152,176,297,867,201,1032,153,166,197,200,209,259,284,294,293,1827,1046,1327,1351,459,333,1299,962,2588,1943,1701,1853,1857,470,718,2031,2415,1628,1458,2797,2763,2625,2563,1257,2251,2463,2634,2350,2803,2783,2419,788,839,3916,2580,3849,1942,2865,4037,2690,2101,1999,2181,2050,5003,2987,4475
static,RO,table,7,43,32,36,32,33,36,29,46,31,31,29,32,44,44,37,58,73,115,182,108,92,63,262,75,86,77,87,80,93,317,314,485,326,723,131,856,147,585,149,653,180,483,194,781,1089,876,511,362,646,249,998,1418,324,1267,1531,1241,1693,1461,1795,2058,1256,1310,968,1052,404,1678,2140,2446,1535,1649,2513,2152,966,2427,3155,3124,1665,2718,2383,2917,2351,2843,2938,3932,1929,2033,2194,5073,4128,3577,3610,3735,5125,4770,5136,1525,2460,4950,5182
static,RO,table,8,53,28,29,29,35,34,31,41,30,33,28,32,59,37,45,42,104,156,168,374,56,59,232,311,284,414,336,162,531,442,97,477,388,542,627,124,537,146,821,151,660,155,171,191,189,967,1031,559,1130,1120,1696,257,285,1494,652,1712,1437,1892,2007,2531,1162,1628,1312,1972,1167,2020,2097,1437,2330,549,3634,732,1692,2360,2571,2510,2203,686,3046,680,2935,2304,4564,3008,2894,936,2531,1405,4196,3286,2561,1780,4271,5183,3837,2607,4909,4601,1747
static,RO,table,9,52,28,26,34,32,28,25,37,29,28,45,39,203,96,104,41,123,147,153,228,58,59,62,228,59,290,92,313,335,364,107,408,361,415,129,455,131,423,223,440,1135,897,1049,169,823,234,961,648,1296,1374,1203,1356,1170,931,1117,1555,1740,626,1887,349,1612,1588,387,2126,2187,1433,2025,2286,1912,2351,2443,2278,2416,2452,611,2410,2123,2263,2739,2727,793,2771,2548,1092,3649,2831,3205,1668,3824,3274,2797,1952,4441,3919,1041,2109,1715,3007,1212
static,RO,table,10,37,32,49,32,33,33,31,31,31,28,48,28,31,33,77,47,40,46,50,54,100,168,63,181,187,128,465,378,416,508,169,575,104,451,605,471,296,730,731,872,674,1236,192,617,1006,217,1168,962,231,490,631,977,1121,888,1411,739,1705,330,1853,1605,1583,1984,1996,1642,2251,722,1888,2456,746,2009,2242,2807,1811,2391,2508,2374,1696,2568,691,3489,2740,1351,2021,3879,902,3137,1186,4160,3353,3614,971,1863,4324,4142,4707,4903,5053,3803,5922
static,RO,table,11,54,34,31,31,29,33,57,32,38,28,26,34,54,41,34,43,80,141,153,141,171,60,60,70,63,81,360,385,240,269,554,395,443,116,123,121,124,590,811,763,717,315,278,1006,204,924,316,282,1587,264,557,667,1060,1640,245,416,1654,1487,2335,715,1791,2483,2067,1163,2181,500,1768,1796,2723,1820,2220,1245,2854,2324,2162,622,3198,2565,688,3199,3694,841,2957,3019,3224,3394,3667,3301,2859,2622,2335,2151,2479,5036,3216,1168,4170,5122,4690
static,RO,table,12,56,32,31,30,30,34,36,31,30,33,34,33,93,37,72,82,95,91,99,57,372,67,67,212,78,287,85,76,82,323,236,98,127,345,465,126,600,165,892,559,144,744,775,793,1085,179,667,248,939,769,304,1437,1561,870,752,856,1658,1644,1879,2422,2049,592,400,984,2233,754,1586,2156,557,2535,2296,2348,2398,2461,1995,2177,2915,3415,3624,868,856,3045,1419,1590,1007,1786,4259,887,3605,854,1218,3608,4951,2139,3553,1570,2390,4746,4762
static,RO,table,13,52,33,33,30,32,30,31,31,30,32,28,35,49,60,45,105,50,77,169,91,263,73,194,228,217,335,374,400,85,92,99,640,360,516,789,118,503,303,635,161,291,441,681,158,437,464,949,1403,989,271,1178,1236,1417,1240,1551,1605,1725,1118,2443,1267,1597,954,1792,1824,1852,461,2391,1490,1288,2189,2283,2506,2781,2405,4538,2795,2641,3207,1537,2116,674,2666,941,3137,1247,1863,2015,1972,1067,2351,3848,1389,1984,1437,1244,2143,4615,4832,5615
static,RO,table,14,49,69,40,32,30,27,26,29,27,38,31,36,36,46,40,58,52,181,226,134,214,167,77,68,70,219,353,308,101,106,489,103,98,355,121,129,147,437,156,849,311,177,850,542,221,905,649,1480,247,1102,1542,224,1180,1486,1263,1271,1315,341,1698,1871,1992,2146,1483,1824,1693,1888,514,2412,3592,2107,2241,2804,850,2298,2707,2983,2717,3708,2341,3366,3357,680,1495,3678,2731,3157,3139,796,858,2892,3929,1734,1014,4271,3603,5047,5354,1831,4470
static,RO,table,15,40,51,34,32,33,30,30,31,38,29,51,35,37,36,40,76,71,50,216,122,218,54,202,182,68,228,352,256,238,332,388,113,122,549,442,359,573,535,558,273,634,431,661,174,207,223,1225,705,1068,238,1056,1141,269,1485,866,563,1421,1704,1564,774,1376,446,430,1419,1598,1971,1138,2136,1627,536,2467,2238,1545,1830,2460,2593,2251,2546,2688,1218,3498,2881,3682,1064,2948,1308,1926,1829,3056,1975,2038,867,4615,1976,3782,4051,4376,3869,1202
static,RO,table,16,51,17,36,31,32,30,39,31,28,42,34,30,39,43,86,50,70,43,45,99,233,175,224,229,299,111,77,355,335,121,341,388,406,401,658,460,146,1020,174,532,1128,321,1305,980,173,202,654,700,951,1190,366,1979,1260,1065,1104,1671,1005,1817,416,2078,1995,2029,1033,1116,3023,1487,1333,2409,2090,675,2013,2729,2170,2234,1405,2523,2693,891,707,3893,2939,3319,2708,4008,1256,3167,3213,1227,4365,3523,3484,3410,4544,2562,3735,4139,1595,1139,3075
static,RO,vector,1,36,58,34,30,40,33,30,29,33,30,56,56,44,46,46,136,83,174,271,74,51,55,163,153,68,292,324,76,316,320,370,107,119,581,104,421,658,559,669,821,935,829,195,1048,218,1493,1412,237,233,262,1595,240,1151,1944,319,1637,1346,1286,331,1146,1957,1869,2319,1703,2025,2127,477,1845,2679,3264,1568,2380,2405,2943,948,1645,2751,724,2832,3385,3112,3683,3442,2580,4041,801,4613,3102,3346,3565,3727,4727,4958,5558,4625,2480,3923,1470,5200
static,RO,vector,2,46,45,34,30,30,28,38,31,30,27,31,61,33,34,38,39,63,81,49,190,195,62,63,269,366,300,301,226,88,85,96,100,733,120,449,348,420,698,711,270,1149,667,206,1031,619,194,833,237,1028,278,1046,500,1310,1627,1209,842,2083,1481,1704,393,526,1825,1073,1677,2146,2317,1701,3183,2933,1262,2602,714,682,2898,2098,2677,1913,1192,1353,4693,3635,2573,1420,1510,2558,3909,972,3438,1234,3128,4813,3360,5152,2980,2193,4545,4986,4560,1448
static,RO,vector,3,77,30,31,33,32,30,34,44,37,31,32,32,50,50,57,51,43,127,144,209,52,107,195,195,69,306,173,364,514,93,371,117,129,518,960,831,599,563,478,155,160,894,433,178,437,1001,898,669,1655,1327,1514,249,993,301,1573,1734,451,878,746,1114,2070,2138,1426,2257,1843,629,496,1750,2139,2464,2135,2123,2361,2845,3431,2514,3296,1861,867,3020,4247,2943,2825,1695,2401,3556,3043,2784,3943,1319,4772,2529,1923,3991,3993,4834,4595,5128,1947
static,RO,vector,4,26,71,31,44,28,33,35,29,40,48,103,37,77,50,54,50,108,53,310,119,252,235,86,206,298,407,435,82,343,122,103,424,143,668,555,834,824,1156,1151,266,172,786,177,189,896,783,977,663,1404,252,985,1125,755,1039,332,1271,973,494,1850,1937,860,533,1607,1909,2308,1369,2014,1207,2750,549,2277,2641,2948,955,2974,2672,861,3666,2735,1011,3716,822,3928,2002,2310,2921,3851,3416,2327,3544,2848,3846,4143,2896,1424,4230,1097,5102,1930
static,RO,vector,5,29,34,33,31,30,30,29,31,33,31,54,44,45,67,40,41,50,51,102,222,199,123,92,63,101,308,79,337,382,80,333,106,110,422,394,592,157,446,620,154,936,307,1002,244,577,924,654,1170,1345,1230,356,1435,1140,360,1830,1489,497,447,1707,2064,1854,1798,1497,2141,1890,1884,2214,1912,2264,2538,2507,579,2280,2800,3615,3588,3686,3052,1382,2450,3354,3180,3895,831,3139,3543,3745,1015,4360,4136,3447,1773,2032,3689,5205,4319,3633,3703,2556
static,RO,vector,6,70,31,28,33,29,29,30,29,32,26,51,49,54,48,33,84,105,98,147,54,55,284,226,58,224,289,433,277,504,429,324,100,417,459,644,852,510,591,145,645,259,722,902,179,1071,295,1272,219,452,1144,1339,1190,1211,811,566,1536,1447,1034,1932,1729,565,1466,2397,2115,1673,2000,1533,1832,2009,1360,2628,1291,2196,2643,2704,637,2695,1817,1120,1253,3638,3087,3152,755,2417,2907,3899,5148,2933,1866,1272,4098,2640,1005,1467,1220,5057,3921,4387
static,RO,vector,7,36,48,33,29,30,50,29,32,76,53,28,32,52,42,152,38,39,48,48,109,130,59,129,71,77,72,402,437,368,102,146,109,459,431,484,549,661,167,963,147,892,826,986,185,212,932,1388,268,1169,1652,711,876,975,1423,374,1882,688,2011,2199,427,1991,1269,516,1005,472,654,1523,3402,2311,3178,3354,2701,1777,2544,3182,2892,670,1048,2888,3129,3116,2518,2931,2496,3900,1819,1116,2768,4351,4301,3324,3431,1652,4662,5112,1133,1303,5820,5049
static,RO,vector,8,83,28,31,31,41,44,44,44,81,30,134,32,75,35,132,67,60,114,258,68,77,70,88,241,273,111,95,111,96,401,508,543,116,118,132,270,272,658,181,732,563,1180,239,240,959,758,804,300,1091,1180,1447,393,269,1642,538,1708,2002,2041,1727,1574,1701,357,2164,759,497,2005,2206,2007,1001,2913,2933,2702,2266,1469,674,1779,1328,1938,802,3578,2941,2622,801,2966,3090,1082,3733,3035,3700,844,2240,1198,3339,4331,4401,5035,2529,2326,3966
static,RO,vector,9,52,47,31,31,43,40,36,31,27,32,36,32,37,74,86,70,130,55,141,61,72,153,67,356,79,432,267,377,98,320,363,98,108,110,616,200,203,577,389,158,186,194,757,200,843,352,418,372,238,247,833,1055,1591,1573,1803,804,1536,1762,2215,1719,2053,1436,1695,2100,2606,2263,905,2790,2936,3014,1974,2512,2667,1084,695,2736,2781,741,1560,2979,3677,737,2377,3751,4077,3085,2472,3629,1777,1043,4569,3798,4947,3999,3128,3759,3318,1590,4396
static,RO,vector,10,64,41,28,29,30,29,33,31,28,28,113,52,66,50,51,156,53,88,107,210,170,189,67,208,300,282,83,465,96,93,253,135,174,505,132,383,134,546,143,555,181,243,199,1008,674,824,811,830,642,987,258,1425,893,1319,681,884,1575,535,1895,1851,1092,1474,1325,2087,1938,2324,2792,2415,1926,1576,1882,622,2600,3097,1906,2959,1648,3537,2654,4619,1945,2040,2102,1461,2244,3184,3342,2403,3619,2048,3547,4943,4397,2249,3974,3845,3382,3368,3918
static,RO,vector,11,67,28,31,29,29,29,27,28,28,27,41,29,43,85,78,43,134,50,192,105,66,66,88,133,279,74,289,348,219,77,90,477,440,284,110,419,530,592,184,157,352,272,183,793,191,224,998,1180,448,751,1863,418,925,1185,1605,1346,1323,1726,1330,1902,1683,1712,720,452,1321,1613,2125,2895,1081,2563,1994,2518,611,739,1795,3184,700,2897,2204,2698,2117,3002,3082,2238,2199,3859,3206,3815,1443,3591,1446,2854,4318,1286,2586,5137,1363,2490,3047
static,RO,vector,12,59,32,30,42,36,34,32,47,35,52,69,70,63,100,106,85,136,151,137,102,222,188,286,273,275,208,592,339,605,393,735,128,510,149,549,597,648,307,857,1210,775,1038,890,811,521,262,280,1345,1320,246,1468,1621,1051,331,2230,1217,708,1961,1639,753,1784,654,1813,2382,626,824,1800,2894,2864,2659,2557,2457,2277,2773,2696,1961,1479,822,3887,2927,3087,1553,918,3141,833,3885,1918,1069,1727,2705,4327,4642,1868,3318,3868,1658,5174,6066,4775
static,RO,vector,13,46,40,34,35,29,31,33,34,33,28,29,34,37,40,139,34,51,119,80,154,108,153,141,322,77,304,439,88,90,449,602,101,109,220,575,490,584,633,1201,151,835,327,769,940,907,206,638,684,1038,544,823,328,1672,773,1403,762,1640,487,513,1410,1837,2073,1654,1576,2470,3471,2104,2018,2350,636,2782,1845,3271,3012,2220,3484,3018,2894,2918,2240,830,2600,2903,1539,2294,2898,3726,4489,2082,3026,4929,3605,2509,3851,5187,4021,3219,3992,3332
static,RO,vector,14,54,44,33,29,28,30,31,46,38,27,35,48,32,35,32,43,103,101,139,248,273,189,312,202,323,71,77,87,369,573,133,100,418,562,129,423,609,753,572,953,145,151,753,875,903,231,392,246,1043,392,679,1489,1654,1356,322,1109,1613,1679,1617,897,1785,2080,1717,1721,1929,1747,803,1819,2176,1326,1734,1075,666,3662,1364,1092,2821,3768,3922,781,4925,3995,4276,4108,3942,1463,4092,4019,1732,1958,1541,3940,1284,4138,4484,3010,5146,3299,4704
static,RO,vector,15,46,39,32,34,33,30,35,45,44,31,33,31,53,51,63,76,81,93,175,96,112,150,252,62,76,80,327,313,103,372,523,101,105,561,143,682,149,138,672,260,174,552,815,202,230,954,867,668,1755,1025,476,569,1188,1323,1257,564,1766,639,424,401,1614,1665,623,1649,2271,2125,2317,2479,2476,2576,2358,1588,2357,3063,2676,2365,2983,2866,1506,3201,2082,4290,4285,1876,945,4090,4302,3639,4579,3795,4743,4156,2434,2764,4698,3464,2378,4826,4130
static,RO,vector,16,55,49,27,30,30,31,30,32,33,34,33,62,85,42,37,38,56,119,232,144,129,187,72,77,337,247,99,332,349,356,188,598,161,148,441,133,144,655,484,438,1023,1359,745,441,243,350,1025,1348,1548,660,499,870,1633,1328,1500,695,1847,1508,1229,1327,2113,1309,2061,2481,2018,501,2725,547,2074,2569,2470,2780,621,757,3133,3001,2972,1326,2835,2722,3529,3441,771,1189,3542,3123,1668,3477,3399,1107,2069,4632,1336,4403,4470,1078,4655,1646,4251
static,RC,table,1,50,38,53,68,80,122,104,96,119,123,131,179,149,178,164,183,178,200,213,209,229,240,250,258,285,311,288,302,315,317,356,377,362,356,383,450,419,472,544,461,483,490,546,535,565,556,545,600,686,660,676,701,690,722,655,669,728,733,833,818,795,862,867,889,855,901,928,984,941,1005,980,1031,1107,1148,1118,1155,1223,1156,1308,1342,1283,1439,1369,1428,1529,1723,1619,1616,1685,1665,1756,1871,1795,1717,2128,2454,2273,2497,2168
static,RC,table,2,88,54,64,84,95,95,102,132,116,121,213,151,173,171,168,184,183,195,214,219,223,250,232,276,280,306,319,298,309,355,351,382,390,389,362,445,447,428,480,440,438,504,497,529,544,528,617,572,599,576,620,619,669,677,674,683,680,770,832,828,829,898,887,806,917,925,905,986,1041,1065,1064,1104,1123,1147,1181,1232,1240,1237,1298,1354,1332,1600,1457,1344,1437,1497,1693,1742,1630,1687,1564,1896,1934,1766,2006,2162,2152,2131,2330
static,RC,table,3,82,54,64,74,87,97,135,131,156,164,172,150,166,168,170,176,190,193,196,214,255,264,308,311,263,264,289,329,303,372,341,378,365,393,391,423,418,467,497,448,514,563,540,530,536,571,583,576,638,700,639,718,725,743,767,736,827,798,825,810,861,845,868,966,992,901,914,1017,1038,1001,1109,1222,1191,1220,1306,1359,1414,1361,1332,1223,1348,1501,1633,1419,1540,1614,1570,1452,1847,1783,1710,2009,2034,1869,2081,2413,2454,2111,2114
static,RC,table,4,98,56,74,76,92,100,119,118,115,159,241,183,145,169,181,196,206,198,208,254,258,232,246,282,287,300,290,302,332,362,377,353,365,413,400,439,457,434,405,429,478,464,527,547,579,549,623,658,624,619,624,661,685,719,754,730,805,793,805,810,873,856,946,967,925,915,907,977,1017,989,1055,1086,1052,1111,1113,1122,1234,1327,1336,1310,1480,1348,1506,1388,1567,1604,1564,1622,1943,1628,1828,1957,1780,2062,2014,2313,2071,2104,2179
static,RC,table,5,87,56,78,75,79,98,107,111,132,120,186,168,175,179,164,178,195,189,200,285,297,317,311,295,307,389,340,302,373,354,369,378,371,394,407,437,438,466,445,510,470,519,535,575,512,608,559,590,635,577,658,689,636,682,760,695,765,789,786,815,841,846,881,844,887,894,950,952,1011,965,1078,1098,1393,1327,1545,1340,1422,1617,1610,1493,1433,1477,1531,1391,1469,1610,1613,1675,1912,1815,2091,1786,2302,1970,2163,2496,1980,2380,2260
static,RC,table,6,91,57,73,82,89,94,122,148,131,194,140,168,148,172,166,182,208,226,190,236,251,228,241,253,273,265,300,313,365,317,355,361,376,380,396,424,454,452,477,466,518,481,515,610,518,568,574,572,662,647,628,625,716,742,725,747,846,758,830,875,947,907,956,887,862,880,952,924,1027,1025,1105,1213,1127,1039,1102,1122,1173,1378,1333,1288,1375,1444,1364,1365,1590,1611,1773,1817,2080,1870,1698,1842,1894,1739,2237,2079,2593,2148,2812
static,RC,table,7,99,63,74,84,95,91,95,104,146,136,167,162,171,182,164,206,217,230,246,215,224,252,272,247,265,307,302,329,331,363,347,374,353,354,423,400,420,448,457,472,478,466,468,558,589,635,560,580,645,632,605,693,696,648,709,739,737,737,791,806,863,798,872,882,859,943,921,1079,1125,1317,1284,1457,1469,1301,1401,1525,1448,1498,1390,1614,1492,1706,1766,1838,1811,1696,2254,1997,2129,2003,2213,1882,2103,2682,2349,2295,2974,2516,2274
static,RC,table,8,103,54,77,89,104,135,137,172,190,173,166,170,181,168,225,201,203,220,236,238,259,296,278,292,306,352,358,332,391,368,357,388,383,427,433,455,440,460,492,535,545,584,557,612,625,640,677,722,777,676,677,670,727,731,777,753,796,883,853,1012,925,974,1000,964,1086,1078,1120,1096,1145,1285,1240,1273,1338,1354,1370,1530,1412,1397,1419,1534,1515,1534,1491,1535,1767,1774,2039,2033,1794,1789,2249,2261,2967,2035,2830,2064,2241,2022,2623
static,RC,table,9,107,54,81,88,114,107,134,127,132,205,152,172,197,194,222,189,226,231,257,229,251,264,275,289,291,338,325,350,430,403,397,381,435,425,402,420,470,490,617,504,550,575,596,584,636,614,625,628,699,674,823,697,714,716,784,751,807,829,846,865,884,893,962,988,1032,1024,1114,1095,1394,1320,1278,1235,1300,1335,1455,1488,1405,1539,1639,1650,1731,1690,1597,1791,1866,1841,2086,1795,1982,2145,2445,1959,2323,2193,2101,2164,2561,2085,2868
static,RC,table,10,106,50,78,85,106,113,149,153,179,207,169,184,204,174,216,227,215,236,224,252,260,279,293,311,326,327,348,367,339,335,392,418,420,418,433,496,469,466,487,528,519,533,575,636,568,599,647,695,627,688,685,699,715,747,777,777,860,775,859,921,1046,973,1010,979,1017,992,1132,1077,1089,1183,1292,1269,1286,1329,1411,1385,1350,1365,1480,1646,1477,1524,1572,1610,1688,1619,1856,1961,1704,1928,2251,2463,2107,2196,2131,2447,2101,2489,2054
static,RC,table,11,96,64,80,85,101,120,111,123,132,217,148,179,160,187,188,210,242,218,256,272,238,253,297,279,304,320,306,353,379,411,461,373,399,422,452,455,485,484,504,502,557,554,598,632,599,603,644,654,614,668,705,675,763,749,762,756,780,884,880,904,871,857,977,957,1010,993,1084,1013,1023,1122,1185,1134,1193,1361,1240,1207,1237,1237,1272,1271,1250,1465,1576,1382,1426,1684,1686,1675,1669,1963,1732,1935,1838,2094,1941,1999,2064,2569,2295
static,RC,table,12,110,53,64,79,94,100,111,138,140,203,135,163,142,171,156,199,196,213,225,235,242,267,234,285,300,301,286,297,343,317,364,352,351,372,377,383,452,459,528,508,476,491,562,524,549,580,571,611,627,616,641,648,641,693,667,740,748,713,771,842,859,831,882,863,918,898,946,987,985,978,1033,1022,1094,1146,1107,1259,1307,1287,1415,1357,1337,1489,1541,1659,1671,1737,1656,1653,1774,1774,1999,2042,2099,2241,2104,1969,2041,1886,2331
static,RC,table,13,76,65,69,82,89,102,128,142,124,145,188,177,169,164,188,205,196,224,229,228,213,249,243,287,271,314,283,291,344,363,376,387,380,369,424,383,410,423,449,461,527,544,507,488,554,535,618,599,600,641,643,690,639,764,758,772,803,841,768,843,872,945,916,904,895,967,994,1001,1033,1202,1285,1282,1204,1354,1505,1653,1374,1542,1522,1587,1661,1657,1706,1808,1898,1634,1769,1822,2319,2042,2016,1878,2029,2212,2721,2139,3269,2208,2662
static,RC,table,14,114,61,83,96,108,117,115,134,147,264,175,176,202,237,179,191,207,218,257,246,254,271,294,291,300,313,348,321,332,359,400,410,390,410,473,436,446,461,505,581,528,541,552,549,597,664,666,694,663,713,827,699,764,803,847,774,857,817,922,910,921,998,1011,949,1043,1004,1063,1072,1076,1139,1151,1122,1220,1282,1286,1293,1590,1382,1432,1552,1620,1660,1737,1641,2065,1630,1786,1961,2050,2310,2011,2003,2528,1932,2704,2669,2179,2945,2977
static,RC,table,15,100,64,68,84,107,100,119,127,142,203,159,221,173,201,183,200,228,211,258,251,264,278,299,280,320,325,346,329,398,390,409,376,400,417,442,432,490,482,491,607,653,591,603,608,616,650,685,709,713,661,644,700,721,784,769,881,866,825,909,878,897,973,1018,996,995,1115,1118,1167,1205,1151,1188,1251,1292,1284,1401,1394,1497,1503,1575,1491,1500,1583,1446,1583,1924,1868,1963,2390,2102,1945,2151,2359,2044,2056,2096,2271,2803,2630,2733
static,RC,table,16,94,56,76,82,96,107,109,132,131,160,182,175,171,229,195,202,200,217,254,244,255,264,309,319,313,294,346,350,402,340,358,381,413,399,476,474,500,452,517,459,513,511,566,694,760,592,615,677,672,697,677,732,805,740,761,788,805,785,906,833,936,882,935,948,965,1028,1176,1133,1207,1142,1162,1170,1294,1290,1423,1434,1493,1473,1520,1430,1723,1954,1797,1727,1788,1827,1866,1833,1910,2018,1936,1931,2139,1893,2264,2344,2165,2394,2177
static,RC,vector,1,101,46,89,89,136,146,136,145,185,148,162,180,205,174,212,231,203,230,262,265,287,297,279,321,317,344,329,372,333,357,414,389,419,454,438,405,463,469,496,560,517,564,549,572,572,668,666,700,687,609,574,580,676,660,666,705,753,793,807,867,1009,1064,947,877,968,1162,1112,960,1010,992,1062,1079,1177,1095,1189,1244,1320,1242,1416,1683,1468,1390,1526,1423,1481,1534,1487,1586,1731,1725,1625,1941,2045,1875,2045,1988,2054,2037,2228
static,RC,vector,2,105,48,82,78,86,95,101,99,137,161,162,154,163,182,188,191,184,223,207,225,236,259,266,281,298,313,338,324,386,331,361,402,385,399,402,422,415,439,481,486,497,559,542,570,606,569,606,642,563,654,632,660,647,713,705,792,762,715,823,752,837,859,845,832,863,884,999,926,966,1033,1060,1011,1006,1072,1114,1107,1152,1202,1181,1309,1451,1418,1509,1479,1518,1482,1574,1854,1514,1650,1821,1888,1970,2120,2201,2044,2139,2057,2323
static,RC,vector,3,106,55,61,81,86,103,110,145,162,202,149,160,181,184,171,180,197,192,219,227,221,247,250,293,295,297,290,322,322,341,352,380,409,471,504,437,484,444,469,459,523,540,543,547,551,511,602,618,639,623,645,666,672,648,683,738,708,703,771,739,819,863,854,918,913,882,928,947,965,995,1091,1071,1115,1157,1151,1247,1302,1255,1310,1334,1478,1566,1660,1565,1697,1564,1751,2015,1849,1588,1733,1826,1819,1836,2014,1984,2342,2413,1955
static,RC,vector,4,107,51,63,71,88,103,125,125,139,146,185,149,176,191,172,200,218,223,208,229,219,232,263,267,269,268,313,331,334,315,365,338,387,358,410,407,469,443,445,479,512,476,573,539,544,572,574,586,655,652,641,630,663,682,683,713,789,749,727,752,823,839,844,881,1023,961,954,1055,1067,1021,1032,1050,1183,1270,1222,1175,1327,1316,1299,1326,1387,1389,1668,1795,1586,1651,1596,1692,1604,1786,1757,1910,1911,2214,2030,1770,2220,1780,1953
static,RC,vector,5,61,86,69,79,92,114,135,149,116,162,159,163,173,183,163,210,192,229,196,207,217,224,234,252,314,286,285,315,331,312,341,402,355,394,385,481,390,450,495,461,509,522,509,524,560,568,554,612,605,628,612,660,712,686,711,725,802,791,828,830,836,861,869,904,948,954,989,1014,1099,1080,1127,1084,1156,1149,1116,1229,1128,1220,1321,1268,1366,1529,1493,1487,1598,1505,1575,1558,1674,1772,2130,1921,1671,1841,2130,2220,2198,2770,2357
static,RC,vector,6,110,49,77,95,108,96,102,111,115,153,182,162,152,179,168,204,195,209,202,235,242,233,250,271,269,268,312,322,326,314,321,372,353,375,400,432,430,467,501,511,587,624,568,550,548,574,569,601,602,638,642,678,659,679,705,694,709,752,818,819,821,778,866,851,922,928,909,955,944,1016,1062,1067,1086,1153,1161,1283,1208,1265,1389,1408,1350,1423,1514,1600,1490,1632,1669,1596,1730,2006,1753,2403,1677,1819,1923,2327,2307,2410,2276
static,RC,vector,7,101,48,72,91,100,91,123,126,115,148,193,185,161,189,187,197,182,216,233,211,253,257,238,241,283,296,302,291,321,349,388,344,373,385,416,389,414,459,461,470,520,504,551,515,565,528,610,648,678,650,609,638,723,637,666,706,821,721,745,865,831,855,829,890,920,944,954,1023,1048,1039,999,1040,1192,1187,1274,1190,1327,1366,1409,1346,1531,1484,1540,1401,1759,1561,1694,1683,1774,1645,1783,1638,2318,1798,1891,2275,2831,2060,2297
static,RC,vector,8,98,55,63,78,98,123,139,151,135,177,199,180,163,170,165,185,183,223,204,211,230,230,258,254,281,286,311,323,323,342,339,362,434,396,414,417,444,468,430,488,441,558,538,482,605,530,587,628,633,656,700,683,704,678,747,780,810,856,823,813,867,949,902,869,912,938,937,986,968,1030,1019,1019,1115,1165,1138,1266,1309,1231,1232,1496,1403,1483,1345,1510,1718,1755,1872,1510,1754,1869,1884,2015,1852,1894,2400,2716,2414,2657,2026
static,RC,vector,9,104,45,63,108,108,96,105,132,113,136,177,143,192,170,179,178,203,204,208,224,230,229,272,249,276,315,280,335,306,328,352,336,378,380,437,399,395,461,463,552,670,540,566,560,583,588,550,608,612,586,622,665,633,659,702,778,882,746,766,789,962,876,852,960,981,945,964,1005,1035,1101,1115,1106,1089,1104,1226,1164,1170,1232,1377,1326,1372,1322,1490,1704,1712,1670,1929,1654,1989,1831,1876,2108,1932,2235,1832,2527,1929,1954,2056
static,RC,vector,10,99,48,64,83,94,97,114,129,139,135,199,174,160,191,157,197,182,188,211,249,222,263,257,245,285,310,323,312,358,303,388,333,397,370,417,396,467,472,458,522,494,538,502,514,609,598,569,585,613,613,665,668,755,647,668,766,764,778,770,811,841,801,810,875,956,977,973,1040,1016,1017,1063,1104,1196,1107,1294,1295,1370,1206,1373,1455,1441,1357,1461,1843,1663,1389,1613,1693,1792,1654,1702,1662,1759,1865,2130,2153,2315,2121,2216
static,RC,vector,11,67,84,77,76,120,87,99,107,130,144,173,177,173,165,164,210,245,203,205,213,231,246,238,280,276,323,312,347,329,335,357,347,365,419,410,378,443,512,513,472,547,506,541,560,501,546,614,635,684,589,647,680,714,725,737,788,771,835,765,798,807,869,859,869,876,918,982,963,961,971,976,1098,1068,1151,1111,1240,1346,1325,1289,1521,1350,1568,1414,1549,1533,1447,1579,1591,1722,1902,1806,1945,2401,2284,1977,2039,1864,2752,2757
static,RC,vector,12,93,62,70,82,86,113,100,113,125,146,167,133,170,209,191,187,188,198,224,234,266,229,240,257,283,280,337,309,360,318,360,346,372,391,438,433,457,446,479,531,609,614,561,558,563,542,625,674,667,586,648,637,660,645,662,753,746,734,839,814,831,877,856,840,892,903,937,928,998,1005,987,1030,1061,1099,1216,1171,1194,1170,1340,1318,1420,1419,1516,1466,1538,1863,1835,1634,1684,1682,1847,1752,1745,2114,1957,2351,1906,2417,1970
static,RC,vector,13,100,50,64,83,75,120,123,125,138,145,171,192,152,189,223,190,219,198,213,242,218,236,265,266,281,304,294,296,357,315,357,386,365,368,396,402,433,426,462,471,533,530,522,533,563,535,593,587,606,652,638,619,693,755,702,734,757,785,815,846,745,859,873,845,941,925,929,971,1054,1095,1072,1133,1142,1229,1305,1177,1373,1351,1388,1307,1556,1444,1472,1432,1619,1659,1516,1774,1820,1863,1822,2293,2175,1675,2145,2384,2357,2422,2332
static,RC,vector,14,107,53,72,105,99,100,110,141,125,166,147,157,276,164,203,193,189,219,226,248,245,238,270,275,263,267,313,337,329,327,333,360,370,423,405,400,468,426,450,474,506,528,588,514,563,529,583,628,604,724,630,664,724,703,777,762,793,811,820,838,927,889,874,853,892,926,1016,1021,927,1055,1202,1207,1207,1169,1233,1282,1306,1248,1405,1394,1391,1465,1592,1534,1662,1424,1559,1671,1621,1821,1747,1690,1932,2316,2208,2269,1891,2239,2032
static,RC,vector,15,85,75,76,89,105,109,99,114,121,205,142,165,148,181,164,205,195,195,211,234,221,264,277,259,317,279,292,331,336,351,366,353,414,388,391,406,469,464,412,485,509,562,647,575,596,559,576,580,646,622,706,659,643,701,682,705,741,728,810,752,883,800,870,901,909,888,923,1023,954,1014,993,1049,1128,1175,1090,1175,1208,1336,1350,1357,1417,1424,1396,1451,1711,1782,1703,1980,1740,2036,1721,1863,1809,2178,2010,2127,2180,2380,2024
static,RC,vector,16,98,59,79,103,85,115,101,103,127,169,170,150,143,191,165,200,215,204,232,244,252,242,285,253,302,272,326,301,348,332,399,354,420,385,382,445,435,449,482,441,552,519,556,564,601,609,553,642,615,623,676,640,665,641,664,693,741,832,761,805,866,821,867,910,938,902,911,1081,1007,1112,1122,1118,1095,1219,1324,1250,1278,1335,1682,1669,1541,1562,1474,1802,1696,1736,1799,1708,1599,1702,2008,2125,2529,1892,2302,2450,2782,2387,2851
dynamic,RO,table,1,74,20,44,25,14,31,17,37,22,31,29,40,38,43,33,59,56,42,86,73,89,93,109,93,136,134,140,121,171,154,171,166,176,149,197,209,222,223,254,257,318,315,323,303,361,276,380,378,437,369,451,369,479,476,448,542,574,480,653,621,641,637,670,630,688,658,700,693,780,657,780,802,815,856,933,915,803,855,1020,1024,924,1047,1147,1156,1232,1216,1283,1285,1353,1245,1388,1362,1352,1477,1479,1407,1546,1480,1488
dynamic,RO,table,2,49,37,35,15,18,16,23,22,19,49,33,42,50,70,110,57,77,67,60,93,83,93,98,95,88,119,160,152,174,144,158,196,193,156,222,225,249,229,263,278,279,307,289,276,318,320,383,360,397,387,440,409,476,492,513,479,551,536,609,612,664,538,686,690,679,654,651,758,746,829,835,822,916,917,857,860,984,1004,1015,990,1068,987,1071,1082,1325,1174,1245,1173,1214,1108,1235,1366,1503,1412,1429,1471,1600,1608,1498
dynamic,RO,table,3,17,55,15,18,17,22,36,21,43,51,55,34,39,39,36,34,59,56,67,53,79,96,142,121,120,116,110,173,133,179,167,162,162,192,196,205,248,224,260,280,260,277,301,327,346,352,389,394,343,380,436,457,568,552,568,557,498,479,568,607,618,627,589,659,733,731,760,784,787,828,829,850,900,923,877,840,935,957,947,969,1014,1084,1089,1070,1051,1153,1206,1234,1155,1295,1149,1295,1401,1320,1404,1375,1383,1432,1509
dynamic,RO,table,4,22,24,35,13,17,39,20,21,43,32,25,50,49,60,48,35,50,50,88,52,103,102,132,105,129,118,154,134,123,139,132,133,207,185,245,202,217,224,210,238,253,304,331,344,351,361,392,325,390,400,456,424,475,423,396,497,568,570,528,626,639,640,658,683,721,643,596,622,691,610,733,716,789,784,773,784,822,784,977,832,883,1025,1053,987,1084,1092,1163,1099,1226,1232,1165,1234,1316,1236,1209,1328,1475,1473,1496
dynamic,RO,table,5,12,61,33,13,18,19,30,24,19,31,22,38,38,29,34,75,58,58,64,75,72,80,131,75,92,109,120,122,132,132,136,169,179,191,183,189,219,235,219,231,223,253,310,270,274,315,319,321,359,376,350,378,377,374,477,450,514,521,596,546,555,586,618,607,644,675,624,684,641,731,794,802,839,874,988,962,1001,946,1043,1071,1065,1046,1079,1124,1001,1196,1179,1338,1320,1338,1467,1360,1492,1484,1523,1537,1579,1410,1508
dynamic,RO,table,6,12,11,33,30,16,16,31,35,41,20,27,45,39,39,58,58,62,54,80,72,100,101,123,104,139,106,120,127,144,149,157,169,205,186,216,182,202,240,239,262,270,251,301,263,362,297,384,344,405,389,445,408,424,445,465,544,562,582,609,539,567,629,586,676,713,712,675,745,718,783,825,751,776,840,827,829,969,931,1030,1096,1114,1090,1162,1096,1171,1234,1288,1192,1280,1336,1395,1396,1378,1459,1468,1403,1447,1599,1555
dynamic,RO,table,7,39,38,38,13,30,19,14,36,34,50,50,50,45,44,55,45,55,62,75,77,97,87,118,85,150,97,139,133,119,175,158,134,176,187,193,251,256,224,219,283,292,257,289,281,324,356,332,345,405,420,430,467,474,450,470,465,605,613,580,613,641,591,674,695,607,684,754,634,749,795,824,762,787,796,854,858,879,947,889,1037,1054,1008,1044,1040,1192,1172,1210,1222,1147,1324,1303,1379,1433,1392,1508,1373,1388,1476,1655
dynamic,RO,table,8,23,15,96,33,22,42,39,17,29,24,35,31,34,32,46,57,71,56,95,81,89,93,104,93,107,132,130,130,120,172,158,168,177,214,202,205,252,241,263,270,304,284,280,304,355,324,381,391,351,408,453,489,413,489,462,488,553,520,602,616,622,581,660,667,639,708,684,752,800,796,858,819,864,754,844,874,954,821,946,916,1060,988,1109,1037,1021,1188,1194,1200,1174,1321,1203,1345,1367,1349,1461,1450,1460,1562,1514
dynamic,RO,table,9,21,75,14,33,17,12,36,17,20,34,29,22,47,29,42,66,71,46,87,75,103,112,110,97,136,116,136,178,130,173,162,149,205,182,232,198,213,210,238,286,278,256,307,290,377,314,373,416,354,402,405,406,461,420,486,461,505,564,589,563,635,543,572,615,677,707,641,694,745,784,811,821,802,775,880,902,1030,1011,994,887,893,988,1121,1116,1105,1096,1054,1075,1163,1129,1097,1217,1260,1289,1278,1169,1238,1434,1414
dynamic,RO,table,10,30,32,16,37,12,17,15,14,32,33,30,22,37,26,40,46,60,48,66,80,58,71,74,109,116,89,135,131,128,128,160,169,165,158,172,173,153,180,205,204,245,246,254,296,281,328,323,300,361,369,355,353,387,425,416,465,491,460,454,495,508,545,535,588,723,697,743,648,711,716,668,777,791,808,866,840,889,909,875,957,910,987,1032,1066,956,921,1100,1126,1179,1121,1079,1157,1290,1262,1147,1360,1260,1395,1486
dynamic,RO,table,11,17,32,54,12,61,16,17,33,22,22,27,26,57,30,47,41,55,62,78,76,75,91,91,127,114,108,121,118,151,135,154,169,184,177,171,206,187,208,261,257,221,217,282,255,327,301,299,291,356,377,371,360,442,441,482,399,438,471,494,566,577,573,593,623,657,662,619,640,625,705,744,724,792,774,843,763,901,879,935,1064,982,1162,1012,1153,1165,1261,1125,1211,1143,1234,1374,1337,1282,1388,1466,1368,1743,1568,1471
dynamic,RO,table,12,10,18,58,19,17,32,34,21,20,24,31,24,43,37,54,59,52,56,87,86,88,73,102,108,89,134,141,152,156,130,158,185,195,219,206,190,248,248,217,241,272,276,311,268,293,304,390,338,412,380,401,408,416,480,469,504,534,582,564,610,572,566,595,636,701,617,645,679,711,781,722,733,767,870,869,913,870,915,979,947,971,1076,1113,1149,1097,1267,1241,1164,1333,1268,1296,1392,1326,1426,1536,1519,1530,1525,1584
dynamic,RO,table,13,40,26,20,19,19,17,33,28,23,24,32,34,28,44,54,52,65,61,104,86,78,106,95,105,190,134,137,152,154,149,140,191,210,185,191,179,191,214,262,252,268,301,275,316,300,312,355,340,409,396,453,455,456,490,454,492,580,513,603,557,714,770,730,709,713,620,764,687,743,737,853,867,900,814,868,874,944,1022,1042,1039,1147,1057,1115,1088,1176,1116,1152,1218,1239,1287,1259,1403,1300,1330,1483,1371,1566,1647,1581
dynamic,RO,table,14,14,54,30,22,16,16,16,19,45,79,41,22,37,33,50,51,55,54,78,80,96,110,111,116,126,100,164,111,135,176,167,159,176,184,190,198,259,264,251,246,257,275,287,297,294,347,356,385,422,417,386,463,461,659,577,491,516,562,567,581,595,676,710,787,796,713,760,676,843,713,844,824,865,805,959,960,884,1009,922,991,1105,951,1121,1127,969,1118,1230,1208,1131,1248,1256,1314,1371,1412,1425,1362,1470,1545,1591
dynamic,RO,table,15,15,33,61,12,15,18,16,17,29,65,42,24,33,47,43,46,39,67,68,73,93,96,112,86,144,121,128,133,145,138,153,168,188,175,188,206,223,194,241,260,249,328,289,319,355,357,380,395,407,435,457,418,472,460,488,513,473,498,577,577,541,584,624,648,690,639,705,687,768,808,795,877,798,837,860,951,1001,988,1043,1040,1092,1055,1046,994,1255,1089,1216,1140,1281,1308,1311,1311,1302,1311,1415,1352,1542,1529,1528
dynamic,RO,table,16,21,53,35,12,52,12,17,15,29,26,20,21,47,44,57,48,68,61,88,102,90,89,102,96,114,126,104,114,144,169,164,164,185,177,192,231,223,228,223,232,253,276,302,301,365,353,393,391,413,413,452,383,431,487,467,476,577,524,538,602,594,645,680,636,585,653,669,678,725,679,677,769,777,782,976,828,821,792,912,945,945,1021,1034,908,975,986,1119,1085,1235,1132,1275,1281,1383,1296,1310,1196,1229,1354,1359
dynamic,RO,vector,1,41,32,16,15,29,30,16,30,20,23,20,31,30,40,46,45,47,56,63,65,79,72,106,118,123,120,119,116,136,143,125,159,163,158,204,206,162,187,224,212,282,249,291,304,326,294,361,323,316,345,351,410,382,401,466,477,478,471,538,596,567,598,562,565,601,555,673,633,698,740,766,725,741,859,875,861,905,931,951,945,924,995,980,927,1073,1088,1013,1152,1206,1191,1230,1207,1254,1206,1375,1407,1356,1298,1514
dynamic,RO,vector,2,12,10,34,25,36,34,35,21,20,25,25,38,32,29,50,49,47,50,61,71,72,68,116,88,97,103,134,114,135,148,171,174,143,149,173,191,208,236,203,248,240,237,256,274,286,352,318,324,310,379,365,353,437,440,435,401,484,454,482,527,505,517,642,698,704,703,740,719,753,769,688,796,873,892,833,994,1032,941,953,1011,1079,1056,1108,1175,1200,1250,1220,1269,1374,1257,1365,1305,1397,1336,1504,1487,1559,1547,1596
dynamic,RO,vector,3,9,23,75,19,16,30,15,22,24,33,32,31,49,36,58,37,45,72,88,65,76,79,138,140,126,144,139,129,142,125,172,170,172,199,191,206,262,260,247,248,272,255,302,305,356,325,339,417,376,361,454,427,439,439,536,527,528,582,627,613,603,610,672,616,665,680,660,677,694,755,797,808,817,862,914,871,881,899,980,879,1088,947,1106,1035,1168,1260,1153,1185,1355,1388,1422,1402,1458,1368,1379,1384,1477,1475,1572
dynamic,RO,vector,4,45,33,12,30,29,13,43,17,37,32,27,38,41,39,53,40,77,90,61,70,76,73,113,106,118,140,140,125,150,142,133,153,174,148,185,243,202,231,276,224,226,261,304,315,369,373,378,376,329,384,404,453,439,445,469,454,568,538,523,519,626,619,655,689,714,718,787,753,815,813,760,844,893,849,892,959,1018,1007,1041,980,1112,1034,1180,1065,1095,1171,1173,1323,1333,1204,1408,1304,1324,1359,1516,1463,1611,1570,1590
dynamic,RO,vector,5,10,72,17,14,13,32,38,29,25,26,35,31,40,41,83,63,67,62,76,69,91,117,125,84,123,116,134,138,129,148,165,169,181,170,192,200,209,208,161,258,269,302,265,424,473,375,352,416,357,399,397,450,410,410,452,518,501,569,552,609,596,641,663,628,681,690,717,659,678,796,756,852,853,776,923,816,856,852,1008,1049,1044,939,1161,1187,1211,1125,1220,1306,1305,1333,1305,1225,1520,1495,1525,1529,1548,1461,1660
dynamic,RO,vector,6,29,25,28,19,19,17,23,30,43,33,42,43,31,46,37,51,45,52,89,77,73,77,107,85,116,118,111,139,145,154,156,191,217,168,166,202,235,215,227,276,253,270,299,344,303,306,384,348,360,423,413,471,481,498,526,464,497,539,595,603,647,576,630,634,721,702,655,741,679,790,725,839,853,827,853,850,968,932,959,902,1039,1040,1083,1114,1041,1155,1066,1134,1286,1149,1379,1367,1365,1352,1401,1550,1639,1647,1669
dynamic,RO,vector,7,22,11,37,34,34,33,32,23,29,28,22,33,40,54,54,48,56,76,94,60,93,132,125,118,109,124,204,178,156,163,187,190,225,134,211,234,257,232,245,246,265,279,274,289,339,308,371,322,379,407,400,381,443,491,487,461,532,526,480,533,590,650,574,669,642,718,730,715,722,827,916,813,862,833,820,778,976,870,893,984,1042,1076,1075,1035,1110,1105,1105,1159,1285,1296,1182,1199,1390,1362,1303,1326,1433,1513,1360
dynamic,RO,vector,8,24,13,17,29,19,19,14,26,32,27,33,29,30,29,44,63,52,74,66,68,69,73,78,130,112,111,103,114,136,112,149,154,157,175,182,174,158,193,211,232,237,233,274,245,224,257,343,320,323,344,381,418,438,424,414,425,467,508,541,552,558,589,548,608,642,648,691,624,722,639,697,789,708,802,744,773,890,862,887,944,977,974,1010,1038,957,1041,1114,1152,1191,1186,1150,1242,1135,1237,1201,1208,1368,1422,1399
dynamic,RO,vector,9,21,26,26,30,19,31,33,18,25,23,31,28,27,29,38,50,56,63,61,63,71,94,102,98,125,135,157,132,121,119,153,173,177,189,191,194,186,213,225,230,247,241,300,324,252,296,306,365,302,392,385,404,429,426,517,467,518,513,563,555,595,549,584,636,603,565,609,660,701,696,724,712,827,750,829,882,876,853,932,863,1027,997,1034,1046,1044,1057,1110,1143,1146,1212,1223,1435,1361,1322,1338,1322,1319,1414,1447
dynamic,RO,vector,10,12,17,58,19,17,17,15,18,35,35,40,26,37,43,43,46,58,48,60,75,87,90,98,103,96,131,127,129,133,132,122,141,159,189,172,206,222,229,222,253,235,247,263,264,288,333,343,317,331,343,370,409,425,440,479,483,512,458,536,557,517,597,636,562,598,668,695,677,722,696,715,724,812,831,785,892,845,840,947,935,980,954,1075,1067,1123,1103,1091,1081,1133,1124,1325,1306,1262,1257,1308,1420,1298,1424,1688
dynamic,RO,vector,11,11,21,39,18,19,13,18,32,24,29,31,40,39,37,60,68,69,65,84,78,90,112,90,83,138,122,150,127,152,178,157,163,184,184,245,192,222,248,251,284,283,283,299,282,370,330,356,329,427,427,456,395,445,470,487,523,516,579,603,567,576,660,695,651,692,638,755,707,795,709,846,831,768,767,873,941,908,959,904,920,969,945,1041,1127,1135,1195,1209,1144,1293,1446,1319,1281,1310,1518,1450,1370,1648,1602,1509
dynamic,RO,vector,12,13,42,59,19,16,35,19,19,44,46,56,25,35,43,41,44,66,59,61,86,95,91,133,109,126,121,141,163,142,164,163,153,175,196,203,194,202,222,292,209,247,241,322,358,310,317,382,335,443,527,475,434,442,500,513,533,470,575,599,607,597,640,592,687,603,692,738,693,742,715,710,836,781,805,859,863,967,1004,874,1054,1093,1040,1118,1066,1082,1188,1143,1256,1297,1262,1256,1365,1448,1298,1637,1423,1570,1608,1621
dynamic,RO,vector,13,48,57,24,18,37,14,33,21,33,20,38,31,28,50,36,48,62,54,65,66,96,89,98,97,131,118,128,151,144,146,158,186,183,184,195,204,211,222,245,240,276,295,329,294,282,318,341,439,511,438,500,540,478,490,454,536,572,529,600,575,611,647,577,651,726,727,755,779,812,792,826,798,890,890,808,866,929,914,1026,988,1016,978,1020,1034,1043,1207,1218,1105,1208,1250,1256,1304,1295,1453,1434,1430,1558,1443,1648
dynamic,RO,vector,14,56,24,43,18,15,18,30,30,52,31,33,34,45,51,38,66,38,62,47,69,70,62,87,90,123,142,118,139,144,150,137,194,181,183,200,197,217,237,240,220,237,294,316,277,326,323,361,330,397,427,484,444,444,472,510,466,521,572,560,517,597,605,631,677,599,615,707,752,707,811,803,859,1012,837,837,935,977,1016,1062,1072,1101,1133,1066,1130,1189,1173,1142,1181,1251,1242,1270,1258,1342,1443,1417,1496,1464,1616,1610
dynamic,RO,vector,15,12,12,8,59,13,21,15,24,20,27,37,73,29,41,36,48,73,62,89,99,95,86,119,84,139,103,131,135,165,153,188,161,217,209,235,206,204,227,250,216,279,253,300,293,339,328,339,337,415,416,367,425,439,433,449,528,565,562,573,636,569,631,628,662,651,711,741,748,796,763,724,775,878,789,810,929,891,948,967,998,1039,977,1134,1159,1168,1261,1091,1129,1220,1232,1324,1471,1402,1494,1460,1493,1492,1540,1600
dynamic,RO,vector,16,17,23,67,24,50,19,54,53,24,42,37,46,45,51,71,73,72,75,83,101,137,122,100,116,119,145,141,211,155,142,160,165,180,179,190,167,240,234,241,244,270,268,304,287,300,327,366,336,389,356,395,390,429,449,477,520,568,557,511,555,563,664,713,697,713,723,758,767,759,817,768,780,925,893,946,959,901,893,977,979,961,1050,1119,1146,1215,1191,1185,1215,1114,1255,1323,1479,1415,1389,1474,1361,1590,1469,1603
dynamic,RC,table,1,39,46,58,71,98,103,101,110,130,155,139,185,197,160,192,226,217,214,238,251,310,306,294,332,344,343,335,409,366,421,390,404,423,488,456,479,565,555,533,574,646,606,648,692,672,704,667,705,677,752,882,790,896,864,953,950,963,1008,1045,1047,1020,1065,1143,1080,1210,1141,1139,1171,1180,1232,1263,1258,1317,1382,1317,1440,1320,1391,1448,1394,1542,1524,1518,1606,1637,1638,1600,1758,1728,1746,1789,1752,1910,1817,1837,2042,1966,2028,2051
dynamic,RC,table,2,90,36,59,58,85,99,104,90,130,131,169,153,155,151,183,206,229,220,235,230,240,322,268,282,307,326,350,307,370,377,355,424,404,433,439,469,488,472,461,513,553,521,513,567,680,744,655,671,668,697,716,726,771,750,816,812,858,863,871,924,910,994,997,1057,1058,1028,1044,1192,1110,1248,1178,1245,1236,1263,1306,1393,1439,1348,1415,1363,1468,1466,1573,1527,1611,1603,1736,1698,1855,1812,1902,1836,1856,1928,1854,1984,1962,2068,2037
dynamic,RC,table,3,96,41,59,60,83,82,103,152,149,119,190,140,176,154,192,176,211,205,211,251,257,238,274,320,292,286,303,366,342,351,390,392,407,405,435,427,495,454,544,520,523,588,614,573,654,684,677,712,722,691,722,776,709,765,844,837,847,845,885,941,935,976,975,1026,1081,1054,1081,1104,1140,1193,1207,1183,1384,1340,1346,1326,1399,1285,1397,1454,1518,1556,1557,1522,1604,1575,1687,1644,1670,1774,1765,1770,1884,1909,1822,1878,1952,2152,2080
dynamic,RC,table,4,86,60,50,63,68,78,103,88,98,120,126,242,181,152,182,178,226,271,260,272,290,284,308,255,288,384,355,298,343,366,368,433,430,427,432,476,502,462,491,541,560,603,544,592,632,616,686,657,668,743,755,783,768,777,819,955,833,883,889,920,952,1020,1016,961,1019,987,1001,1075,1124,1096,1252,1178,1227,1249,1297,1277,1312,1394,1406,1352,1390,1522,1443,1539,1553,1668,1610,1640,1840,1749,1900,1908,1844,1998,1921,1972,2023,2027,2054
dynamic,RC,table,5,86,60,51,62,80,89,108,135,136,124,189,149,176,155,210,166,226,237,237,248,258,270,260,265,284,314,367,384,434,414,373,423,388,413,446,477,493,452,583,747,694,665,660,668,711,742,739,675,719,751,795,838,900,801,868,915,981,977,954,1033,1090,1012,1066,1114,1110,1093,1185,1215,1269,1308,1343,1471,1385,1418,1500,1555,1464,1614,1639,1625,1722,1688,1734,1736,1704,1754,1754,1831,1831,1835,2001,1950,1992,2094,2043,2156,2111,2138,2176
dynamic,RC,table,6,104,49,63,69,83,88,151,166,140,180,143,170,193,219,207,194,197,218,259,256,296,273,300,308,331,322,325,356,406,403,390,438,420,476,460,534,537,499,537,539,632,623,689,680,683,731,760,711,757,747,826,861,837,889,878,976,910,962,1036,999,962,1033,1087,1043,1137,1107,1229,1284,1217,1219,1284,1266,1319,1367,1437,1379,1448,1462,1548,1576,1584,1735,1697,1706,1714,1725,1830,1782,1833,1889,1988,2100,2027,2144,2154,2132,2212,2204,2308
dynamic,RC,table,7,96,40,42,66,66,100,93,127,148,121,184,123,160,156,171,160,211,195,209,222,243,243,287,274,293,291,318,316,310,369,375,397,372,409,452,459,491,478,525,543,546,518,560,600,601,618,648,631,748,678,671,748,775,813,801,802,812,808,914,846,982,933,934,998,1025,991,1032,1041,1072,1113,1112,1142,1254,1243,1283,1275,1328,1443,1462,1499,1485,1532,1656,1650,1666,1582,1772,1743,1778,1741,1992,1987,1940,1855,1899,1967,2061,2089,2124
dynamic,RC,table,8,92,43,53,75,65,81,100,104,126,161,214,146,166,179,174,190,230,229,252,261,266,262,252,268,277,319,346,320,355,389,373,403,382,406,442,438,497,515,495,512,534,540,625,578,609,637,666,624,709,718,681,773,720,748,760,890,885,939,870,990,1013,971,1000,1062,1113,1051,1080,1103,1166,1213,1192,1179,1184,1225,1361,1329,1381,1390,1430,1456,1457,1583,1534,1609,1662,1540,1657,1642,1650,1779,1780,1838,1860,1974,1978,2002,1916,2101,2311
dynamic,RC,table,9,105,55,60,60,80,82,97,136,115,143,170,157,160,156,180,196,205,216,216,224,226,244,255,319,302,324,318,345,372,338,409,393,432,395,457,419,486,462,473,476,530,519,579,584,673,602,621,621,692,689,731,737,758,880,878,841,854,918,893,925,1021,944,966,1051,1112,1061,1106,1119,1235,1149,1222,1203,1285,1217,1280,1284,1429,1414,1393,1455,1521,1396,1440,1559,1780,1923,1961,1944,1980,2081,2135,2126,2110,2053,2152,2110,2246,2138,2295
dynamic,RC,table,10,115,46,59,71,95,111,141,132,152,197,283,181,200,165,209,226,218,255,240,252,244,287,268,292,310,330,420,405,400,449,439,416,441,429,457,471,529,538,550,593,609,648,595,698,685,668,680,680,759,726,758,776,867,812,925,862,956,975,981,970,1029,1017,1064,1238,1156,1258,1288,1224,1298,1258,1347,1371,1367,1423,1523,1393,1528,1552,1569,1812,1715,1570,1717,1629,1717,1702,1848,2008,2008,1985,2037,2114,2029,2089,2238,2174,2122,2269,2260
dynamic,RC,table,11,102,57,83,65,82,97,108,135,156,141,167,197,157,198,196,186,213,225,216,250,252,252,282,307,348,313,373,351,424,388,461,454,453,452,475,512,548,580,566,544,610,590,644,663,684,691,672,737,817,752,807,752,827,834,916,880,896,890,993,962,1054,1043,1113,1038,1163,1189,1139,1244,1190,1294,1358,1441,1480,1462,1388,1436,1539,1464,1637,1681,1672,1661,1715,1734,1771,1849,1904,1914,2071,1998,2184,1978,1908,2120,2278,2153,2152,2213,2279
dynamic,RC,table,12,91,52,56,85,78,119,122,131,120,155,201,196,164,208,229,220,251,227,259,245,258,276,324,332,358,336,365,360,372,366,443,414,472,443,482,502,551,524,563,606,616,653,658,625,706,678,712,703,788,744,793,842,795,831,885,867,992,955,967,1053,1060,1036,1102,1155,1208,1234,1237,1209,1289,1292,1341,1321,1341,1429,1445,1452,1416,1453,1584,1499,1586,1640,1703,1641,1805,1798,1745,1829,1875,1917,2024,1913,2002,2086,2141,2139,2323,2259,2393
dynamic,RC,table,13,105,48,60,75,75,92,109,125,115,138,199,165,181,198,177,215,217,209,245,251,286,293,294,291,337,352,350,382,391,395,424,425,450,436,487,549,499,506,582,582,638,643,621,661,652,642,666,760,762,777,889,892,823,789,831,853,942,957,1021,928,988,999,1022,1129,1124,1105,1246,1215,1163,1295,1282,1299,1317,1351,1351,1439,1386,1543,1566,1507,1682,1753,1679,1768,1824,1780,1860,1936,1906,1709,1680,1793,1780,1809,1824,1835,2015,2101,2097
dynamic,RC,table,14,90,47,58,59,69,93,118,134,118,116,172,143,176,207,189,196,191,190,238,226,264,239,254,288,265,308,309,337,350,344,406,389,401,436,409,460,442,476,507,554,569,558,599,578,649,619,765,700,674,662,707,734,786,722,769,779,846,850,901,926,876,939,944,943,1007,1095,1179,1185,1105,1138,1269,1253,1214,1272,1274,1380,1363,1418,1397,1436,1508,1651,1506,1559,1654,1634,1628,1613,1654,1704,1685,1796,1877,1882,1904,1931,1957,2031,2015
dynamic,RC,table,15,86,45,69,59,63,93,112,130,116,143,173,135,166,170,204,181,198,228,232,252,241,244,281,269,283,317,325,365,359,392,375,427,421,391,433,447,490,566,658,618,657,791,648,748,726,763,791,738,720,741,695,849,741,819,871,825,874,893,941,971,1002,937,1058,1021,1078,1007,1052,1127,1137,1071,1213,1222,1189,1251,1332,1342,1295,1351,1329,1469,1405,1416,1467,1551,1582,1642,1662,1659,1687,1766,1990,2095,1877,1874,1971,1998,2255,2152,2121
dynamic,RC,table,16,83,46,51,68,76,75,85,122,114,126,137,170,188,158,228,182,203,212,236,253,237,272,276,262,280,374,423,373,392,394,410,370,425,437,440,463,449,594,517,559,562,551,552,611,631,646,609,631,704,662,755,766,854,785,827,800,883,876,945,891,977,998,935,1025,1046,1034,1142,1111,1180,1097,1201,1226,1289,1190,1242,1452,1439,1463,1442,1532,1487,1527,1548,1549,1678,1727,1625,1700,1785,1759,1825,1821,1933,2033,1959,2022,2100,2399,2682
dynamic,RC,vector,1,97,51,72,72,81,90,115,134,121,146,201,180,177,212,212,186,226,247,247,257,284,265,280,332,360,333,373,370,372,365,430,464,499,474,532,490,583,575,613,621,621,615,608,662,621,737,766,741,741,900,848,855,890,909,933,964,991,1025,964,1010,1048,1092,1122,1143,1192,1111,1219,1169,1301,1527,1312,1420,1387,1434,1537,1476,1633,1550,1584,1549,1564,1622,1630,1736,1738,1811,1835,1883,1867,1861,1985,1999,2183,2090,2139,2238,2176,2329,2364
dynamic,RC,vector,2,105,47,60,78,101,110,136,121,128,138,173,172,158,189,193,216,238,235,270,265,286,282,324,293,340,358,334,376,409,418,419,403,482,427,488,481,524,618,633,545,628,604,591,657,664,639,746,705,759,808,766,802,885,911,911,953,917,966,1037,978,1072,1068,1054,1097,1131,1164,1212,1236,1204,1236,1284,1289,1438,1397,1539,1549,1531,1593,1668,1571,1717,1636,1723,1789,1746,1807,1762,2085,1941,1929,1905,2203,2152,2151,2150,2137,2296,2346,2254
dynamic,RC,vector,3,92,50,62,89,88,130,138,131,147,184,244,178,176,199,187,225,234,214,247,275,251,269,268,285,360,312,385,337,360,370,428,397,422,487,518,495,551,548,578,605,647,558,660,683,689,709,728,708,787,733,795,873,845,913,893,906,984,1013,988,1021,1039,1017,1098,1119,1092,1171,1178,1227,1196,1305,1216,1294,1309,1365,1567,1625,1568,1529,1634,1588,1665,1646,1690,1713,1821,1722,1847,1823,1838,1962,2050,2099,2127,2213,2194,2156,2207,2296,2276
dynamic,RC,vector,4,101,36,59,72,104,119,117,125,122,139,166,162,189,178,209,186,204,217,261,277,335,365,373,341,361,322,364,368,415,394,429,470,431,448,465,500,537,569,569,599,590,587,661,647,711,657,763,688,710,760,834,837,838,816,977,962,902,1044,1012,988,1036,1128,1102,1072,1169,1366,1280,1278,1261,1269,1314,1356,1417,1513,1455,1517,1480,1549,1667,1665,1686,1625,1619,1689,1695,1692,1747,1850,1940,1948,1992,1913,2120,1995,2136,2145,2143,2360,2466
dynamic,RC,vector,5,78,64,67,93,75,98,128,105,121,151,196,196,162,180,184,234,220,234,246,247,288,273,292,328,327,328,380,383,390,367,443,432,469,420,451,508,561,553,531,702,685,710,821,768,765,867,792,886,878,787,818,839,811,855,923,928,897,947,939,929,999,1079,1222,1138,1182,1094,1144,1178,1192,1189,1249,1308,1384,1394,1407,1457,1483,1531,1492,1495,1564,1573,1573,1712,2154,1865,1907,1871,1852,2040,1992,2119,2087,2299,2231,2271,2301,2114,2286
dynamic,RC,vector,6,88,52,77,80,73,124,114,123,154,141,192,165,202,187,195,198,195,254,219,242,245,265,298,314,323,338,323,351,375,423,458,436,443,440,506,534,527,515,546,597,556,595,617,702,671,706,719,727,760,793,749,820,795,831,870,845,928,972,967,926,998,1030,1054,1098,1131,1240,1242,1309,1336,1277,1287,1411,1431,1482,1584,1412,1515,1515,1505,1569,1626,1520,1679,1916,1752,1778,1727,1772,1796,1931,1949,1890,1939,2096,2110,2034,2183,2078,2172
dynamic,RC,vector,7,86,40,52,57,67,79,103,100,143,124,148,164,156,178,191,180,207,182,199,216,245,248,251,299,293,302,341,331,377,374,371,391,427,451,415,431,458,466,500,541,535,554,575,610,621,593,697,669,720,689,733,764,796,746,746,781,863,906,905,933,884,967,997,988,1021,1057,1064,1082,1104,1169,1149,1173,1244,1313,1228,1316,1343,1361,1457,1407,1457,1510,1531,1599,1619,1570,1669,1824,1701,1659,1721,1746,1884,1963,2020,2068,2073,1983,2140
dynamic,RC,vector,8,98,43,63,71,113,81,82,122,113,120,195,151,154,170,177,175,208,217,211,241,266,232,265,255,287,332,348,365,368,371,384,410,452,564,511,479,515,482,508,505,528,561,560,623,670,614,651,678,644,712,752,738,707,772,810,815,864,821,876,969,905,971,996,1018,961,1073,1080,1116,1178,1202,1206,1133,1259,1219,1282,1319,1362,1451,1507,1518,1455,1599,1573,1622,1741,1532,1680,1761,1696,1839,1919,1940,1807,1810,2012,2011,2057,2066,2033
dynamic,RC,vector,9,86,43,56,64,68,99,90,137,127,110,142,162,147,189,169,176,191,197,217,210,250,277,259,293,291,300,297,329,365,377,375,374,428,416,471,412,503,446,522,562,525,548,565,575,682,593,661,628,689,739,728,742,777,809,804,840,831,931,967,981,924,969,961,1079,1029,1090,1133,1115,1189,1156,1197,1259,1257,1336,1384,1307,1616,1409,1478,1437,1477,1515,1564,1584,1615,1642,1780,1884,1852,1953,1971,2013,1973,2038,2121,2041,2194,2333,2419
dynamic,RC,vector,10,101,50,66,79,91,113,128,105,116,145,203,169,197,196,196,208,250,248,289,246,281,306,337,333,323,369,375,445,423,383,461,410,432,481,541,478,483,486,597,560,629,570,594,659,615,734,721,735,808,750,773,894,890,881,856,887,988,991,990,1018,1086,1101,1113,1091,1253,1102,1212,1158,1250,1284,1339,1379,1367,1457,1389,1379,1492,1483,1578,1519,1615,1785,1828,1818,1842,1755,2015,1918,1889,1928,2006,1916,2171,2158,2116,2145,2197,2282,2328
dynamic,RC,vector,11,111,70,59,67,81,93,94,126,160,207,150,172,201,201,202,211,220,228,261,267,282,270,309,331,308,341,385,347,377,357,444,404,466,460,504,473,552,582,516,605,603,600,668,654,688,665,699,671,771,818,813,819,831,825,855,921,954,976,987,969,1063,1073,1145,1143,1127,1199,1235,1205,1301,1274,1304,1300,1378,1412,1379,1470,1437,1445,1583,1573,1673,1727,1682,1782,1813,1896,1910,1935,1930,1909,1906,1996,1972,1990,2060,2061,2249,2341,2370
dynamic,RC,vector,12,76,63,53,66,77,89,127,119,126,130,175,143,196,211,180,209,227,214,251,248,244,262,292,317,321,353,418,370,403,403,383,455,475,458,532,482,490,499,511,541,560,547,634,606,653,693,872,686,787,772,801,810,775,821,839,896,929,966,1003,967,995,1088,1145,1110,1206,1190,1309,1269,1265,1318,1411,1362,1426,1439,1407,1401,1457,1473,1548,1627,1676,1653,1786,1739,1871,1889,1848,1920,1832,1830,1961,1910,2068,2002,2161,2072,2105,2194,2263
dynamic,RC,vector,13,96,51,78,61,83,133,119,134,155,174,163,197,168,275,183,191,239,224,249,234,281,277,279,323,308,313,353,355,412,351,400,462,403,483,467,484,519,546,520,536,579,586,623,672,657,657,694,741,769,786,761,774,840,789,907,906,946,970,1096,1061,1085,1116,1079,1195,1194,1228,1212,1229,1238,1332,1253,1322,1309,1443,1642,1389,1470,1544,1769,1561,1636,1620,1640,1737,1799,1740,1839,1766,1978,1983,1987,2127,2135,2139,2177,2200,2309,2199,2368
dynamic,RC,vector,14,36,104,72,74,76,97,90,102,132,152,203,171,254,253,193,189,230,215,272,282,354,259,314,300,343,327,366,378,359,379,429,428,483,478,486,473,497,580,567,607,587,618,671,654,688,758,696,710,715,770,799,798,794,836,837,901,908,904,976,960,1052,1003,1064,1121,1155,1096,1216,1237,1176,1180,1308,1345,1481,1396,1513,2078,1779,1509,1580,1581,1707,1637,1825,1723,1865,1889,1791,1820,1820,1898,2079,1938,2090,2075,2100,2118,2244,2223,2269
dynamic,RC,vector,15,137,62,57,75,88,166,222,235,184,166,149,178,189,175,178,197,223,219,275,251,274,279,275,290,323,325,316,412,415,415,426,417,415,471,474,464,567,554,570,601,565,619,629,686,637,708,718,755,717,793,804,863,882,913,935,904,992,1003,1028,1048,992,1122,1158,1063,1144,1175,1200,1153,1286,1203,1332,1391,1410,1391,1360,1367,1426,1506,1542,1390,1411,1466,1545,1472,1593,1565,1530,1674,1652,1741,1841,1827,1892,1958,2043,1998,2087,1976,2082
dynamic,RC,vector,16,101,112,56,76,84,160,167,168,275,179,124,155,147,155,192,187,204,192,234,247,245,284,250,312,305,281,323,305,363,349,356,386,417,452,432,416,436,493,518,511,517,507,546,720,584,765,684,641,710,671,751,772,787,788,780,818,877,843,876,886,908,916,966,1034,1038,1069,1026,1069,1135,1182,1124,1232,1257,1202,1347,1287,1363,1337,1380,1407,1463,1517,1600,1538,1628,1586,1668,1674,1793,1817,1754,1751,1831,1849,1867,1907,1964,1961,2091
