THREADS,MATRIX SORT,MATRIX TYPE,#,2,3,4,5,6,7,8,9,10,11,12,13,14,15,16,17,18,19,20,21,22,23,24,25,26,27,28,29,30,31,32,33,34,35,36,37,38,39,40,41,42,43,44,45,46,47,48,49,50,51,52,53,54,55,56,57,58,59,60,61,62,63,64,65,66,67,68,69,70,71,72,73,74,75,76,77,78,79,80,81,82,83,84,85,86,87,88,89,90,91,92,93,94,95,96,97,98,99,100
1,RO,table,1,5,4,5,4,29,28,30,27,25,6,26,29,9,30,11,12,35,14,43,42,37,35,57,53,56,62,66,71,77,94,37,92,94,112,110,113,136,124,142,137,162,152,191,165,190,672,184,218,210,758,227,232,254,245,276,263,303,314,310,1137,305,340,340,359,380,368,403,401,421,421,449,458,495,495,497,501,498,531,573,567,617,629,636,644,655,660,664,690,758,746,800,742,2527,814,840,901,854,1814,942
1,RO,table,2,55,28,24,26,25,26,29,26,27,26,28,26,27,29,31,33,34,39,38,39,44,45,50,50,61,66,69,29,77,83,89,90,100,153,110,104,121,117,130,127,145,143,152,165,188,181,199,198,205,224,250,238,257,238,250,275,707,284,292,318,333,356,356,356,383,390,411,437,410,431,449,470,726,519,525,2905,832,688,575,604,642,656,660,647,698,672,742,731,778,802,804,802,830,823,857,891,919,913,941
1,RO,table,3,36,5,29,25,27,27,28,28,29,28,27,27,28,29,33,29,34,35,38,39,44,46,50,51,61,65,70,34,80,81,88,103,107,116,104,111,119,140,130,136,145,156,174,167,179,186,204,215,219,207,214,231,244,256,259,253,297,304,298,308,332,353,361,349,368,395,403,412,410,438,459,998,483,489,470,502,540,545,587,570,589,565,646,638,674,658,707,682,708,813,862,772,802,831,825,3147,852,884,953
1,RO,table,4,43,35,25,24,27,24,25,26,27,27,27,27,29,29,29,30,35,34,38,43,44,45,55,50,59,60,76,87,81,79,68,85,103,100,106,113,144,120,132,149,148,293,198,192,199,179,189,190,348,232,220,218,243,255,262,261,287,953,300,330,315,333,385,360,377,395,380,403,430,432,441,434,470,471,482,540,525,555,569,3050,585,600,632,651,683,661,694,729,758,781,791,758,793,819,857,801,908,893,954
1,RO,table,5,11,4,4,36,26,26,24,24,24,27,28,28,28,28,30,30,32,35,38,42,44,46,55,49,60,61,77,64,50,79,83,99,102,107,113,114,125,129,138,138,144,149,185,176,183,174,193,221,213,216,232,219,608,273,256,266,284,282,311,307,328,335,346,355,389,387,403,417,412,457,446,467,461,492,527,526,531,554,569,556,605,613,619,606,645,676,673,728,742,739,744,807,816,829,869,861,919,923,2424
1,RO,table,6,69,30,25,24,24,26,27,28,27,28,28,28,29,29,29,30,35,35,37,39,43,46,48,52,56,63,77,67,75,80,96,86,94,104,108,112,122,132,129,130,143,160,161,166,178,209,223,194,201,217,220,234,258,243,269,276,291,616,302,315,338,319,366,359,386,378,406,396,447,435,450,468,494,512,502,503,550,561,582,612,583,612,629,664,689,694,717,718,744,764,791,819,841,830,836,892,912,2473,869
1,RO,table,7,6,3,4,4,4,29,27,25,25,27,28,27,27,30,29,31,32,33,38,40,44,47,51,56,61,61,66,71,89,74,89,91,96,98,115,111,128,148,149,134,167,147,179,166,189,179,207,194,203,224,223,235,254,251,275,274,284,299,329,319,317,339,360,367,397,402,401,422,454,455,464,471,500,522,513,500,557,577,610,583,613,619,594,670,635,659,720,730,2673,754,756,748,809,850,905,927,905,928,962
1,RO,table,8,37,31,25,25,26,25,26,27,26,26,27,27,28,30,32,31,33,35,38,42,46,47,55,53,60,60,44,81,73,79,88,86,101,105,111,114,133,124,129,153,147,170,162,183,184,185,211,188,203,208,229,231,251,260,280,264,311,304,323,312,325,362,351,352,372,391,407,403,448,445,453,482,508,531,526,514,560,538,583,591,590,617,628,631,649,665,726,674,756,769,823,915,858,892,945,930,932,928,1008
1,RO,table,9,19,46,29,26,27,26,27,29,27,28,29,27,32,30,32,31,35,36,38,40,45,47,51,52,61,62,77,65,78,78,90,89,97,105,105,105,124,120,135,137,168,158,178,178,185,191,205,216,206,222,231,232,248,257,254,255,1751,463,334,316,348,346,377,391,407,394,405,409,444,452,465,477,483,508,521,549,540,579,604,592,624,624,661,678,723,656,700,646,720,755,787,810,834,855,851,887,890,944,2036
1,RO,table,10,38,30,24,25,26,26,27,25,29,27,28,27,30,29,29,31,34,35,38,40,44,46,51,55,57,68,27,73,55,76,84,73,98,107,109,118,115,124,131,135,154,151,164,184,202,185,191,200,211,215,232,226,254,254,277,267,289,301,342,318,332,358,1195,367,371,387,401,393,426,2224,432,443,476,505,510,488,571,594,602,605,635,610,707,680,701,663,724,710,774,767,794,804,818,738,848,847,871,919,952
1,RO,table,11,25,6,45,25,27,27,27,27,28,27,29,30,37,37,32,31,32,38,38,41,48,44,54,55,61,63,50,331,80,79,89,91,95,96,114,117,124,118,149,137,160,166,153,185,183,194,210,198,203,208,238,243,262,244,1268,258,271,279,305,300,325,309,345,375,383,395,417,427,436,448,444,475,489,520,499,535,542,529,598,577,612,642,632,648,680,691,755,728,718,784,806,815,814,809,884,892,891,926,904
1,RO,table,12,42,33,25,26,26,24,26,27,29,29,30,26,29,28,28,30,32,35,39,41,46,47,51,53,60,67,78,67,75,77,92,88,97,103,111,113,118,120,132,141,149,154,180,172,193,184,198,219,214,239,231,241,266,261,288,282,294,298,315,322,329,353,354,387,386,383,390,416,449,454,459,494,498,496,528,520,1147,530,596,579,595,615,662,648,665,712,709,735,775,736,793,898,839,857,869,815,898,916,952
1,RO,table,13,7,9,4,36,27,25,25,27,26,28,26,27,27,28,28,29,33,35,38,42,46,48,58,52,63,59,66,81,32,84,86,98,99,102,113,111,121,132,135,134,147,153,181,162,177,204,206,197,243,215,224,250,240,247,280,279,291,305,315,322,339,346,376,368,370,384,403,418,429,441,1105,473,512,528,581,560,588,560,584,610,666,727,771,627,668,691,725,736,782,740,808,993,812,809,828,872,885,907,901
1,RO,table,14,46,25,25,24,25,25,25,26,26,28,27,27,27,28,31,29,33,37,37,39,48,46,49,53,59,59,73,31,30,81,85,93,95,103,150,120,142,128,154,142,144,173,178,167,172,182,194,216,228,217,233,245,258,256,272,286,289,310,305,328,316,332,362,364,388,381,411,411,442,443,483,468,501,518,531,539,568,591,588,600,623,563,634,645,693,693,709,738,808,788,805,1798,818,846,898,880,897,940,980
1,RO,table,15,8,7,47,25,26,28,28,28,28,31,30,30,37,38,39,38,41,47,53,63,53,52,55,57,31,77,76,79,80,102,95,93,110,104,114,139,129,137,143,139,159,162,190,173,187,183,183,194,210,219,222,234,247,252,279,270,291,273,324,346,311,338,362,359,380,390,393,419,447,430,447,463,493,512,528,532,549,582,597,581,623,589,622,655,709,714,715,756,761,755,791,789,793,862,854,878,924,955,938
1,RO,table,16,54,29,25,25,27,27,26,26,30,29,31,35,36,36,37,38,47,45,54,50,48,53,56,60,54,341,83,75,266,96,98,99,109,109,122,130,132,138,142,150,164,166,180,179,210,226,204,227,224,228,258,257,272,257,300,289,313,300,330,327,350,373,377,367,395,405,451,420,457,452,610,485,493,523,555,544,579,596,604,606,605,594,636,669,685,716,732,729,775,774,800,803,809,824,870,865,901,874,945
1,RO,vector,1,42,8,5,6,37,5,36,26,26,26,26,27,30,29,31,30,38,67,18,18,32,61,69,29,77,32,49,116,45,109,105,102,105,101,106,115,126,121,133,139,166,165,178,178,191,189,197,202,234,234,232,265,271,266,257,279,286,288,317,300,342,339,367,387,388,380,412,427,457,425,455,497,518,528,537,550,1348,615,607,600,629,675,665,682,789,741,790,781,804,829,882,870,894,876,931,899,1001,1027,1099
1,RO,vector,2,46,6,93,8,6,9,34,33,34,35,40,34,29,38,16,87,20,58,55,68,74,71,214,87,74,65,73,71,97,76,91,88,101,97,107,130,116,122,151,167,152,173,191,164,184,198,204,201,232,211,249,249,267,241,270,262,307,320,337,324,328,1335,347,349,386,390,423,422,447,449,462,476,469,1108,503,521,562,577,591,610,625,657,670,689,679,706,727,786,777,759,843,848,856,835,882,1029,1080,991,1006
1,RO,vector,3,92,53,36,27,26,25,27,27,30,28,28,31,62,30,36,56,19,59,61,67,72,34,33,107,36,95,83,76,85,80,91,86,98,107,110,115,119,132,140,137,159,166,178,178,174,197,195,193,216,236,250,243,247,698,264,271,318,298,335,334,346,346,388,368,395,393,400,394,427,443,457,486,1898,509,484,513,526,538,578,583,594,626,607,700,720,763,780,766,803,822,836,878,899,917,916,931,930,992,1014
1,RO,vector,4,63,18,43,6,36,26,27,29,29,28,30,34,37,50,25,78,23,64,30,51,71,70,39,103,123,134,79,77,85,116,96,93,117,110,113,130,121,123,134,150,148,156,166,172,190,180,198,192,215,209,240,246,252,275,267,283,301,298,337,320,325,346,382,390,401,425,426,439,422,449,454,474,498,526,571,551,565,555,572,618,638,644,666,687,725,728,715,763,882,821,873,887,871,876,936,913,979,1019,1049
1,RO,vector,5,32,7,10,6,18,32,8,41,28,28,30,28,29,29,32,31,62,48,82,69,29,27,80,96,62,131,74,87,87,82,106,108,94,100,111,114,127,130,159,151,146,146,165,178,177,210,207,199,239,232,236,234,252,250,289,298,303,299,316,326,355,354,372,383,382,395,384,434,454,462,482,460,514,518,536,547,554,590,588,596,612,649,691,708,733,699,747,791,839,846,839,849,874,943,1145,945,948,933,1007
1,RO,vector,6,46,6,75,6,45,27,28,28,28,30,29,29,36,34,17,64,31,69,28,80,74,27,28,208,48,93,79,77,83,104,98,95,109,116,115,111,122,122,137,146,164,160,169,175,202,200,186,217,232,219,244,227,244,256,281,278,305,307,312,331,333,344,356,373,387,361,407,427,418,472,466,499,536,544,566,3312,607,608,589,617,656,683,693,677,725,746,1911,1235,898,821,924,971,1076,955,970,1032,1298,1403,1334
1,RO,vector,7,11,8,8,11,41,12,44,68,65,40,37,36,42,78,24,24,37,32,39,101,41,57,143,69,137,88,102,142,173,117,70,154,166,162,160,165,184,189,187,192,222,228,251,253,279,266,276,279,321,333,348,349,355,359,403,387,394,356,383,399,406,411,442,474,510,500,534,1163,560,576,598,605,663,630,616,547,540,552,544,591,620,636,692,674,718,822,839,776,720,738,809,824,823,855,890,863,939,975,980
1,RO,vector,8,42,4,36,5,4,23,34,27,28,27,31,31,30,28,31,18,35,14,58,50,63,60,60,67,75,83,42,103,72,98,104,101,123,106,115,118,131,124,137,134,151,145,160,161,176,193,211,200,227,222,228,243,246,258,276,293,304,294,315,331,335,340,357,365,387,383,410,417,430,432,444,494,513,518,561,556,599,600,606,615,604,640,646,678,713,714,750,770,744,792,804,810,832,869,883,903,944,931,1611
1,RO,vector,9,56,15,65,7,29,27,27,27,27,28,29,33,34,41,22,91,68,38,31,74,27,80,37,157,79,39,83,76,81,88,377,123,98,102,111,111,129,123,138,155,173,149,155,185,172,202,192,188,225,211,237,250,247,254,278,279,303,299,320,325,359,428,358,379,389,413,427,413,436,433,467,481,504,512,514,529,573,559,594,597,608,626,630,660,800,716,738,759,820,797,835,863,969,936,901,991,982,981,1071
1,RO,vector,10,8,5,82,69,40,29,29,30,30,31,33,32,38,87,30,19,57,59,22,67,81,94,42,334,102,65,101,75,84,88,86,89,97,98,110,112,122,136,135,141,173,157,175,164,178,175,196,204,1101,224,225,237,239,263,266,263,315,310,301,328,341,335,356,376,388,406,411,409,445,463,493,688,510,531,567,548,594,568,609,617,622,633,691,712,695,820,783,760,795,757,864,837,876,904,930,932,944,982,1042
1,RO,vector,11,56,7,6,16,8,25,9,10,33,33,37,42,40,30,35,42,39,43,23,66,25,27,31,31,199,344,76,77,93,110,94,97,114,108,123,134,132,130,138,166,167,161,166,193,184,203,212,235,230,239,254,248,257,276,285,298,300,312,335,334,352,356,378,394,411,420,468,435,472,481,495,485,502,535,572,546,563,586,588,587,599,653,676,694,757,766,778,795,812,829,869,843,1340,908,971,937,1027,1008,1060
1,RO,vector,12,80,18,29,8,6,28,29,33,36,37,41,30,32,40,14,42,53,68,36,32,46,45,100,94,196,80,72,74,83,111,88,98,105,106,105,119,127,122,142,147,151,163,154,176,197,188,213,220,199,216,251,235,268,256,273,269,299,310,318,333,361,347,363,385,380,409,401,417,456,448,462,450,491,503,545,852,574,593,652,616,606,650,636,699,724,728,751,763,783,851,902,845,864,890,961,868,912,970,1102
1,RO,vector,13,45,6,94,6,37,28,27,26,28,29,29,29,31,55,58,17,57,55,64,65,73,59,78,39,96,87,84,73,91,100,94,101,130,109,113,131,121,123,136,140,150,160,173,174,194,189,194,201,221,230,238,239,253,255,268,273,298,314,339,326,346,338,358,362,414,431,436,440,460,471,493,495,544,555,555,599,575,639,626,628,673,669,697,696,702,766,756,766,795,806,834,860,910,928,875,895,923,960,975
1,RO,vector,14,49,17,17,7,55,36,27,27,28,28,31,33,36,35,40,40,72,51,79,65,54,86,33,71,253,70,70,74,98,86,95,100,112,111,111,116,118,117,134,141,158,171,155,185,186,191,193,203,227,218,246,249,245,263,255,291,290,298,313,316,356,344,364,383,377,403,410,409,445,444,478,465,499,489,533,551,540,538,552,631,674,660,708,723,764,748,803,768,832,836,894,869,865,903,918,943,1061,1001,1005
1,RO,vector,15,53,14,60,32,29,27,28,28,30,29,30,30,31,48,21,20,64,35,64,62,75,78,38,103,38,90,44,261,131,85,96,97,115,110,122,136,141,136,158,150,155,157,167,176,198,191,199,222,222,224,269,243,264,276,287,303,310,303,334,352,356,371,374,454,401,398,409,439,465,468,493,508,493,515,575,546,588,592,744,636,675,671,730,678,723,726,778,780,827,796,811,797,860,853,868,928,918,936,1003
1,RO,vector,16,47,9,59,35,28,26,27,26,27,28,29,34,35,44,30,23,48,48,29,79,71,42,165,88,36,99,87,81,84,248,103,105,108,107,110,112,143,129,133,156,171,164,182,168,195,796,218,208,206,226,231,248,238,252,254,267,295,301,314,323,961,337,332,363,379,374,411,443,452,420,450,485,503,511,535,529,529,565,598,595,651,662,686,681,714,738,775,746,788,788,824,834,884,890,1022,970,971,982,1089
1,RC,table,1,47,104,90,93,188,107,116,142,160,131,182,149,156,135,174,185,203,216,231,239,254,261,279,291,314,330,336,346,372,380,397,404,422,428,459,468,485,499,514,514,526,544,559,572,579,582,618,631,668,677,706,699,743,749,767,776,801,830,857,867,887,930,962,957,1003,1012,1073,1070,1101,1069,1135,1164,1201,1204,1259,1213,1249,1251,1176,1301,1337,1342,1453,1394,1415,1452,1457,1461,1615,1637,1598,1664,1675,1712,1774,1762,1785,1772,1803
1,RC,table,2,75,89,67,78,87,99,187,169,245,190,153,161,192,177,193,196,205,221,233,243,258,264,279,292,313,319,323,318,374,377,400,414,426,436,469,467,491,501,522,543,558,567,584,588,622,616,657,679,672,682,708,726,903,792,778,804,814,827,845,842,882,881,927,931,969,994,1027,1018,1040,1061,1073,1113,1155,1162,1180,1316,1315,1292,1353,1337,1350,1334,1468,1691,1650,1489,1513,1538,1612,1622,1639,1720,1722,1743,1688,1696,1748,1763,1764
1,RC,table,3,43,107,50,75,86,96,169,159,153,263,192,168,175,177,197,189,207,220,231,238,259,264,285,288,310,325,346,346,367,379,394,399,427,445,462,470,498,486,521,552,568,503,586,594,617,521,663,650,698,665,709,719,756,746,764,765,799,764,902,908,934,936,966,978,1007,1027,1047,1073,1094,1133,1187,1152,1200,1206,1256,1245,1271,1250,1372,1364,1419,1406,1415,1383,1441,1438,1435,1496,1597,1637,1563,1596,1655,1587,1676,1707,1736,1745,1769
1,RC,table,4,82,64,75,78,88,75,176,176,200,257,176,163,193,180,169,192,204,217,230,243,253,276,251,299,310,337,331,353,364,383,411,413,427,444,466,467,475,497,508,535,553,571,577,591,607,639,649,677,686,679,705,716,727,719,783,853,811,847,868,832,905,934,984,988,1000,1011,1058,1082,1091,1115,1140,1162,1189,1199,1233,1263,1320,1314,1357,1331,1322,1369,1347,1390,1425,1421,1495,1472,1504,1524,1584,1718,1716,1715,1767,1817,1848,1849,1892
1,RC,table,5,71,98,79,93,96,135,121,175,187,231,172,178,176,182,166,198,210,223,234,245,260,267,287,297,316,292,339,353,372,375,406,402,439,440,458,467,487,488,539,550,550,577,593,613,643,645,636,665,670,688,701,716,750,757,767,759,825,701,865,996,898,944,922,927,953,988,1042,1022,1046,1057,1120,1090,1143,1200,1182,1206,1259,1266,1305,1369,1438,1383,1436,1453,1473,1498,1601,1554,1553,1623,1575,1645,1805,1873,1902,1991,1995,2098,2093
1,RC,table,6,134,101,73,85,95,194,173,180,253,162,162,200,187,204,204,216,230,240,268,273,287,294,318,333,350,356,380,394,407,427,440,451,485,486,490,506,532,529,554,563,512,608,637,641,643,675,695,718,729,753,757,784,808,849,692,847,944,910,956,1119,1041,1058,1081,1093,1144,1143,1155,1173,1231,1219,1250,1284,1304,1291,1280,1335,1358,1365,1377,1462,1454,1491,1456,1447,1501,1496,1530,1537,1770,1585,1668,1673,1727,1688,1715,1737,1732,1757,1804
1,RC,table,7,90,55,69,77,85,97,158,171,171,278,178,163,192,181,172,192,212,222,231,237,270,282,284,296,312,325,312,357,365,388,418,401,424,446,449,470,498,494,644,633,621,659,686,665,697,737,733,722,733,732,730,717,748,744,771,783,829,854,859,878,866,911,932,972,958,993,1003,1032,1069,1131,1109,1140,1132,1269,1240,1275,1290,1329,1303,1376,1425,1431,1410,1453,1446,1428,1481,1527,1557,1591,1723,1686,1698,1704,1751,1787,1899,1833,1914
1,RC,table,8,48,81,51,81,86,97,164,167,217,257,156,167,197,181,190,194,206,217,233,242,258,265,289,292,312,326,339,359,366,380,395,409,428,435,462,500,497,503,519,560,570,572,586,606,628,631,680,677,694,691,702,711,750,773,774,836,924,861,890,950,952,943,966,978,988,1018,1052,1085,1095,1146,1165,1168,1227,1216,1211,1233,1288,1348,1294,1341,1417,1432,1473,1467,1491,1497,1557,1502,1570,1575,1612,1623,1662,1673,1671,1723,1812,1988,2046
1,RC,table,9,123,70,76,86,106,257,199,379,137,156,189,175,192,193,207,218,232,242,260,270,292,302,323,331,349,367,377,391,421,420,447,463,471,491,517,518,550,552,577,537,612,619,645,647,700,681,700,724,741,754,783,799,798,850,854,924,1021,974,995,1016,1054,1031,1038,1073,1076,1048,1188,1198,1201,1212,1251,1312,1262,1287,1278,1318,1345,1376,1414,1413,1437,1455,1521,1536,1547,1627,1882,1793,1794,1763,1768,1778,1910,1957,1947,1981,2010,2070,2163
1,RC,table,10,65,101,76,83,96,170,160,163,250,207,161,202,183,195,201,215,227,237,255,267,282,292,312,325,336,358,377,392,396,420,398,456,517,426,523,517,540,551,573,585,610,617,655,648,636,681,707,697,732,753,721,725,802,807,923,875,933,998,985,967,1029,1025,1084,1077,1100,1146,1173,1166,1184,1229,1223,1267,1257,1242,1296,1322,1358,1341,1437,1416,1561,1567,1578,1565,1677,1652,1683,1725,1759,1814,1773,1760,1794,1829,1857,1915,1938,1911,1981
1,RC,table,11,46,104,57,83,94,134,198,190,248,212,161,181,166,202,188,194,226,239,249,271,278,299,319,330,332,323,375,397,401,424,442,458,473,494,527,622,598,576,582,582,604,613,627,663,698,697,567,623,635,659,718,704,718,746,747,790,805,825,833,852,891,899,913,932,979,1016,1036,1035,1054,1153,1144,1167,1158,1192,1202,1218,1282,1272,1287,1254,1348,1350,1373,1412,1446,1436,1475,1493,1541,1542,1599,1617,1637,1675,1702,1729,1775,1771,1767
1,RC,table,12,90,73,66,74,85,78,169,182,175,227,192,170,199,231,195,201,207,222,227,243,255,268,284,288,316,319,345,350,344,375,398,422,431,438,463,474,491,507,513,539,545,566,591,632,617,633,637,632,694,700,739,759,766,793,817,805,866,867,872,887,914,919,964,957,948,990,1016,1047,1116,1071,1098,1102,1152,1164,1192,1185,1224,1235,1271,1287,1337,1352,1530,1386,1388,1449,1475,1473,1509,1569,1604,1611,1707,1674,1704,1729,1814,1835,1879
1,RC,table,13,77,69,72,80,89,105,139,163,198,203,190,161,195,175,195,195,209,221,234,226,260,272,286,299,314,323,324,361,414,387,397,415,427,439,453,465,492,506,520,542,568,552,591,592,628,627,678,677,687,717,745,750,773,797,812,811,813,847,783,865,888,902,931,1082,1063,1075,1132,1168,1190,1169,1184,1210,1274,1307,1333,1362,1393,1425,1420,1423,1429,1459,1534,1654,1599,1610,1689,1723,1757,1810,1808,1810,1899,1919,1974,1930,1997,2037,2055
1,RC,table,14,46,131,82,105,102,175,143,156,289,180,158,169,185,199,206,210,227,238,235,260,288,292,304,289,340,350,377,391,392,416,404,445,454,473,499,590,656,561,593,590,597,599,636,652,681,709,713,728,733,751,775,832,836,856,856,876,896,913,927,924,996,873,1013,1081,1151,1153,1155,1167,1191,1235,1265,1273,1300,1341,1376,1424,1348,1351,1391,1422,1595,1558,1599,1598,1625,1636,1749,1696,1772,1743,1753,1777,1745,1824,1865,1899,1849,1940,1963
1,RC,table,15,133,95,50,85,101,222,164,208,218,141,161,200,181,194,202,210,225,232,248,261,280,288,305,321,342,358,373,382,392,385,439,439,466,461,498,517,521,578,577,583,602,614,637,662,666,631,708,726,746,770,766,797,812,844,862,875,915,881,862,889,897,918,933,944,974,1021,1014,1037,1082,1090,1120,1134,1200,1190,1241,1442,1290,1275,1276,1275,1306,1371,1359,1410,1443,1580,1518,1574,1604,1615,1664,1699,1699,1713,1750,1764,1816,1840,1899
1,RC,table,16,84,73,70,84,101,114,149,162,216,234,171,180,173,183,184,197,205,221,233,239,257,270,288,277,316,334,338,360,371,377,399,415,426,440,452,467,495,514,533,537,551,591,583,614,633,641,681,646,697,724,721,745,767,778,810,752,875,866,883,906,923,938,912,946,988,998,988,996,1071,1088,1108,1103,1137,1163,1161,1267,1424,1518,1519,1515,1575,1580,1587,1596,1652,1669,1702,1673,1711,1717,1751,1794,1850,1848,1904,1906,1953,2027,2095
1,RC,vector,1,98,118,73,84,108,199,231,349,183,164,185,177,190,195,201,212,228,239,252,243,279,295,313,328,345,350,373,386,399,411,430,445,470,446,510,505,542,546,580,585,601,626,654,644,676,668,587,703,743,753,765,769,811,871,989,891,944,934,1005,940,1138,1206,1109,1045,1066,1161,1169,1168,1238,1220,1174,1251,1286,1364,1356,1398,1407,1421,1401,1419,1486,1436,1518,1557,1547,1594,1676,1747,1777,1814,1825,1902,1929,1953,1944,1812,1745,1852,1834
1,RC,vector,2,74,47,80,76,83,95,150,133,157,242,206,167,183,181,194,195,212,211,229,239,255,267,277,296,307,326,338,346,369,376,392,420,413,437,460,466,482,494,517,520,544,577,582,577,606,591,633,621,665,668,696,711,733,768,781,774,806,848,816,865,877,967,960,944,983,987,1036,1027,1075,1087,1137,1123,1136,1182,1195,1193,1312,1302,1355,1358,1396,1396,1452,1452,1506,1541,1614,1562,1614,1629,1602,1685,1734,1727,1775,1777,1743,1826,2042
1,RC,vector,3,208,64,74,87,168,204,213,255,128,147,194,174,194,193,203,219,226,240,260,273,289,300,313,337,348,359,383,399,408,429,451,531,530,574,577,581,563,564,585,590,607,662,652,661,708,698,728,738,768,857,941,915,875,881,903,965,765,960,981,979,1019,1040,1039,1051,990,1138,1173,1202,1251,1254,1252,1229,1295,1338,1348,1416,1415,1421,1485,1482,1464,1510,1567,1559,1607,1594,1623,1677,1703,1715,1697,1773,1828,2039,1880,1869,1907,1977,2011
1,RC,vector,4,79,81,76,84,97,186,183,196,216,189,155,202,186,181,202,213,219,225,252,304,297,296,314,327,344,361,373,381,414,413,433,438,455,466,486,503,523,571,573,606,630,631,637,658,682,682,726,723,749,777,785,812,829,836,900,823,932,934,966,997,990,1003,1029,1053,1083,1057,1134,1119,1132,1119,1205,1217,1299,1395,1298,1351,1271,1237,1275,1301,1323,1371,1363,1393,1403,1422,1447,1494,1463,1553,1590,1597,1646,1832,1744,1831,1812,1866,1849
1,RC,vector,5,83,83,72,92,96,137,164,148,246,208,169,175,151,179,170,194,210,207,228,243,260,266,286,300,311,320,347,340,371,378,401,408,423,448,461,476,495,503,534,535,638,596,596,593,638,625,684,683,664,670,641,712,743,746,781,803,823,845,843,871,1164,1976,1076,1005,1023,1022,1033,1062,1100,1141,1172,1188,1149,1192,1229,1211,1215,1260,1277,1381,1524,1567,1665,1638,1613,1571,1573,1547,1652,1620,1691,1678,2113,2580,1821,1820,1865,1888,1965
1,RC,vector,6,60,68,81,88,102,118,116,138,156,311,335,277,318,242,199,176,212,221,222,248,257,276,288,297,298,404,504,374,384,388,405,348,433,474,471,490,505,513,531,542,605,574,589,610,621,639,680,675,702,756,730,744,803,973,864,908,1358,982,1028,1050,1072,1106,1102,1131,1136,1166,1163,1265,1229,1257,1308,1303,1352,1375,1387,1429,1437,1488,1478,1447,1478,1497,1539,1563,1630,1611,1814,1631,1715,1706,1748,1808,1868,1842,1907,1840,1971,1980,3125
1,RC,vector,7,79,114,132,83,94,301,116,352,164,170,395,339,208,320,219,225,267,487,509,288,289,286,319,343,341,355,386,386,406,449,472,460,435,495,508,524,546,563,588,530,618,625,653,659,689,659,715,782,773,800,806,842,854,863,791,881,902,906,951,990,968,1003,1025,1072,1279,1249,1196,1175,1227,1185,1262,1277,1316,1300,1351,1383,1383,1463,1447,1541,1595,1568,1609,1613,1627,1711,1762,1771,1773,1696,1773,1799,1847,1869,1957,1945,2010,2028,2068
1,RC,vector,8,90,106,82,89,106,163,175,215,220,175,154,188,184,200,204,221,228,231,250,272,289,301,313,322,348,354,376,387,440,538,439,445,461,481,488,519,538,564,574,586,607,606,702,612,694,692,672,650,647,674,700,735,751,726,756,801,821,840,852,862,891,849,1040,1021,1036,1014,1045,1083,1110,1093,1117,1142,1198,1236,1252,1269,1242,1214,1278,1277,1330,1315,1344,1386,1537,1508,1550,1571,1595,1652,1664,1682,1741,1688,1754,1960,1922,2037,2058
1,RC,vector,9,130,80,76,119,204,168,182,313,173,209,185,198,217,247,231,218,232,244,260,246,288,304,313,323,339,354,375,383,398,417,455,428,483,503,499,517,565,560,574,553,617,628,664,663,678,678,697,729,732,749,790,786,799,807,852,854,908,935,951,962,980,976,1061,1055,1118,1133,1137,1161,1168,1238,1306,1284,1327,1327,1400,1597,1425,1458,1480,1468,1549,1488,1497,1537,1559,1618,1645,1632,1716,1837,1822,1854,1891,2032,1951,1933,2016,2009,1996
1,RC,vector,10,117,83,74,84,99,213,171,172,242,139,159,201,182,186,203,215,233,240,256,266,284,298,317,329,334,341,374,351,402,422,445,457,480,479,499,519,540,582,541,579,608,608,556,659,685,702,701,780,742,799,784,824,844,742,877,890,917,956,883,1085,1020,1030,1063,1055,1056,1040,1134,1156,1184,1243,1312,1463,1453,1455,1551,1531,1485,1468,1462,1485,1534,1545,1533,1521,1567,1598,1644,1675,1692,1693,1752,1731,1805,1848,1880,2011,2010,2090,2015
1,RC,vector,11,74,97,75,83,93,166,163,176,251,209,159,184,181,196,186,222,272,270,289,321,328,333,391,328,349,365,346,394,450,422,431,469,484,489,516,521,532,554,558,593,606,650,643,586,713,700,715,728,779,770,802,831,850,863,899,846,901,926,938,953,913,1003,1033,1047,1076,1098,1112,1130,1068,1001,1047,1045,1140,1138,1174,1138,1225,1255,1268,1255,1410,1413,1450,1452,1463,1497,1579,1586,1620,1605,1639,1620,1644,1651,1772,1879,1840,1814,1907
1,RC,vector,12,86,53,83,80,89,104,136,164,163,328,177,183,176,183,191,191,207,231,239,242,256,271,280,293,316,363,353,352,349,373,398,393,423,434,442,452,471,485,493,508,530,551,544,578,596,624,637,636,676,683,689,716,739,729,779,788,821,822,868,886,895,913,949,977,985,1089,1049,1044,1040,1058,1108,1102,1117,1160,1169,1238,1289,1338,1316,1391,1390,1420,1455,1435,1745,1585,1536,1573,1624,1602,1662,1681,1742,1717,1687,1730,1778,1790,1752
1,RC,vector,13,50,114,71,77,88,138,232,212,269,151,157,187,183,199,207,215,229,241,257,272,287,296,310,337,347,360,377,353,406,428,435,453,422,502,452,535,510,578,575,586,600,629,645,632,705,694,699,713,736,790,1169,1202,989,804,2025,854,998,1049,1016,1087,1028,1085,1217,1719,1209,1372,1294,1236,1475,1672,1472,1529,1388,1554,1944,2630,2054,2343,1715,1521,2625,2723,2456,2632,2442,2597,2234,1792,1987,1937,1831,1792,1833,1910,2040,2021,2034,2064,2089
1,RC,vector,14,83,143,75,86,93,206,202,244,191,157,185,173,181,200,205,214,231,240,256,270,278,300,308,323,345,362,380,383,398,434,451,444,473,482,518,526,552,586,571,592,604,619,650,654,706,703,709,699,727,744,755,792,799,811,861,843,898,902,926,964,962,974,1015,1054,1072,1080,1094,1147,1169,1184,1262,1261,1240,1332,1289,1329,1375,1384,1377,1511,1553,1529,1611,1610,1660,1654,1667,1671,1728,1542,1527,1597,1624,1693,1679,1695,1755,1762,1836
1,RC,vector,15,59,73,66,75,85,96,190,167,215,208,163,164,191,180,193,196,206,215,230,242,258,269,287,294,331,408,385,362,371,387,399,414,422,438,457,465,489,498,534,546,555,566,561,619,628,589,667,661,665,741,973,1200,1045,762,831,712,904,902,845,939,1013,968,1022,1013,1045,1168,1076,1705,1223,2829,1411,1232,1191,1701,1432,1237,1456,1619,1427,1390,1466,1685,1627,1492,1605,1987,1579,1593,1602,1600,2893,1970,2190,2018,2702,2103,1914,1865,1980
1,RC,vector,16,49,59,65,76,88,97,108,116,125,133,175,156,171,181,226,218,618,485,259,258,272,273,281,292,318,331,335,357,372,385,403,444,446,486,479,499,508,528,541,543,567,587,614,539,633,646,664,709,691,708,685,754,781,795,925,866,914,896,926,945,950,972,1025,977,1047,1030,1116,1474,1178,1156,1144,1197,1229,1141,1207,1234,1255,1249,1297,1325,1346,1390,1423,1428,1537,1583,1558,1592,1586,1611,1736,1685,1739,2047,1935,1802,1807,1886,1903
2,RO,table,1,35,5,9,8,10,10,11,11,13,14,18,18,24,22,44,42,34,46,33,35,48,54,59,64,72,89,86,93,129,102,132,121,153,133,167,160,170,183,195,190,198,223,231,221,253,260,264,278,310,306,328,296,340,356,380,356,381,393,408,434,438,428,473,484,511,571,532,545,595,588,612,623,640,663,645,690,698,702,694,713,779,770,815,807,845,816,873,900,905,968,965,1008,1019,1024,1157,1065,1154,1204,1199
2,RO,table,2,9,10,13,55,12,13,12,35,16,16,42,21,27,28,33,29,54,58,61,49,57,69,72,80,98,85,108,115,111,123,138,127,145,137,164,168,187,177,174,206,198,217,212,244,254,253,274,276,288,284,315,360,321,338,367,359,374,406,433,409,457,456,445,467,482,456,491,497,522,554,556,593,564,587,648,654,655,701,687,732,845,759,833,836,875,898,928,967,986,980,1020,1047,1092,1138,1125,1103,1116,1069,1156
2,RO,table,3,11,9,16,28,44,11,14,15,16,17,20,26,26,28,31,34,62,62,73,80,83,51,82,81,105,90,98,135,115,116,121,130,146,138,159,174,170,167,200,191,207,219,210,229,245,253,275,269,279,285,322,299,340,324,349,339,371,485,393,416,417,432,462,498,493,482,539,531,562,589,628,633,620,813,735,698,694,704,720,764,779,789,813,836,875,863,934,925,952,984,941,948,1026,1003,1027,1052,1106,1140,1124
2,RO,table,4,10,9,60,12,31,12,12,14,37,16,20,43,46,50,35,60,63,43,58,81,61,76,54,87,96,92,115,110,111,126,124,139,145,135,144,153,178,167,189,178,193,210,209,238,241,256,272,272,286,300,317,322,331,344,356,367,400,408,407,414,442,440,493,487,489,503,517,548,582,584,607,618,613,585,595,627,658,707,672,687,748,759,741,765,794,835,884,896,952,924,910,1008,946,946,1002,1104,1231,1095,1119
2,RO,table,5,10,14,12,13,44,13,14,14,15,16,20,21,36,29,33,26,28,57,43,41,68,67,79,76,85,111,112,101,126,110,124,132,139,151,154,161,182,189,194,188,205,212,208,228,241,237,256,264,296,321,299,315,313,336,340,339,366,393,412,415,423,416,452,464,502,509,515,532,564,530,576,600,606,628,614,648,671,697,722,756,753,723,743,752,782,789,830,825,943,939,940,992,995,1066,1093,1274,1211,1187,1120
2,RO,table,6,11,9,11,25,12,30,13,15,14,39,20,43,26,27,29,33,38,39,62,47,64,66,74,78,100,108,107,97,110,109,128,134,132,136,152,159,180,183,174,187,207,218,216,230,270,259,273,267,297,303,329,331,316,332,365,344,370,371,393,430,421,422,444,464,466,508,535,537,543,562,570,569,580,607,663,745,710,751,704,845,936,863,782,841,877,861,932,943,943,967,1002,987,1061,956,990,1104,1061,1102,1161
2,RO,table,7,7,9,11,64,12,12,13,14,15,16,43,22,46,26,52,51,59,57,75,69,76,59,80,86,88,85,106,115,104,117,126,121,143,117,152,162,177,175,184,210,215,200,229,211,245,241,268,278,269,275,299,310,326,319,355,380,435,398,400,391,415,446,439,505,503,530,499,528,583,538,562,569,633,623,635,633,662,721,826,890,804,825,811,833,824,863,920,931,959,1019,943,1034,1044,1075,1074,1009,1027,1252,1128
2,RO,table,8,9,17,7,10,57,33,35,36,36,16,27,22,27,50,54,32,34,37,38,46,61,69,82,90,115,97,97,123,113,134,123,136,150,151,149,156,177,180,188,192,212,221,227,223,242,238,264,280,264,287,319,313,332,350,406,409,370,389,409,428,421,421,462,507,500,520,539,506,571,563,559,579,613,581,642,670,647,672,698,699,746,787,777,749,824,851,835,868,909,929,896,917,994,1038,1045,1062,1275,1108,1161
2,RO,table,9,9,8,67,12,11,11,13,13,15,38,19,19,38,28,32,36,59,46,47,74,74,85,79,91,104,88,96,110,108,110,131,129,150,131,154,157,174,178,205,204,208,207,222,245,246,248,264,286,289,285,306,314,345,326,359,377,390,383,391,365,377,378,420,415,483,417,437,459,491,500,550,519,549,608,570,545,603,603,616,742,669,673,701,725,770,792,794,855,884,881,884,914,949,955,1002,1014,1035,961,1033
2,RO,table,10,45,28,27,26,14,11,12,12,28,15,18,17,21,26,43,31,37,45,45,46,56,70,70,72,76,97,92,108,141,98,110,138,142,124,151,134,145,150,203,160,205,175,223,195,229,227,221,254,233,274,282,276,305,323,300,345,356,342,349,378,409,415,435,480,418,464,489,558,570,589,606,619,634,610,648,617,665,668,673,725,723,762,847,838,834,871,891,884,917,964,977,958,1021,1008,1032,1211,1107,1217,1132
2,RO,table,11,8,12,10,11,42,14,36,39,15,15,21,20,45,46,49,32,38,30,57,46,69,75,81,81,95,112,75,105,107,110,133,134,144,152,151,169,164,185,177,187,212,208,222,240,239,273,282,278,294,300,303,310,329,355,380,367,391,375,383,430,447,434,447,483,477,487,512,526,541,572,581,548,574,635,646,652,683,645,671,699,765,718,783,806,832,832,860,876,936,892,914,999,1018,1023,984,1010,1101,1085,1142
2,RO,table,12,10,11,32,11,11,12,12,12,14,14,40,26,30,29,30,48,41,44,71,57,84,84,76,87,90,101,89,122,105,119,128,118,145,139,152,157,166,176,187,191,219,201,253,296,290,260,282,291,291,296,319,323,333,324,353,366,386,378,423,424,430,437,471,480,498,517,552,542,530,553,598,624,606,600,630,652,667,683,655,681,724,827,819,836,844,813,941,945,971,889,947,1039,1006,997,1121,1156,1094,1059,1171
2,RO,table,13,47,10,33,11,32,30,17,34,36,16,21,20,46,31,35,60,60,48,65,74,68,66,88,82,83,92,118,94,112,124,137,134,140,128,154,169,153,173,182,182,205,238,223,235,241,245,266,263,293,290,321,332,345,344,354,373,382,377,412,398,427,454,469,503,498,498,545,516,567,536,599,600,570,631,639,651,670,672,739,707,699,720,800,836,781,811,884,838,887,930,966,948,980,990,1042,1059,1036,1073,1108
2,RO,table,14,27,13,63,25,10,13,11,14,37,17,41,32,27,49,42,37,64,44,72,75,72,62,90,60,98,88,116,107,112,113,134,127,147,148,163,154,178,186,183,183,203,201,222,184,232,206,219,224,277,260,280,289,306,323,298,315,336,350,383,367,385,382,415,428,467,453,478,516,495,499,543,547,564,593,552,591,585,585,591,648,672,677,706,741,743,735,737,763,783,839,855,947,809,893,986,1069,1071,1126,1133
2,RO,table,15,11,9,10,11,58,11,32,14,16,16,41,43,26,34,37,38,42,42,64,66,89,64,78,82,110,97,96,118,94,111,123,140,148,143,165,157,170,175,180,190,193,207,227,238,240,250,270,274,311,287,328,326,331,354,370,362,363,384,408,423,450,578,474,452,488,522,505,508,521,566,565,607,590,614,637,676,666,695,708,697,715,729,743,780,834,866,811,893,857,866,915,908,1026,1064,1102,1122,1128,1161,1197
2,RO,table,16,9,9,63,29,12,10,14,13,16,16,20,22,43,27,51,32,56,45,66,53,52,64,69,76,70,89,84,90,120,98,117,105,132,116,147,150,136,148,159,166,173,203,192,228,202,227,248,247,283,252,269,270,293,318,295,316,379,320,365,359,394,368,408,408,455,437,460,518,473,480,510,559,523,533,574,602,607,626,633,645,761,648,702,712,772,800,828,834,926,887,908,912,957,975,1058,1005,1125,1158,1158
2,RO,vector,1,10,9,12,19,37,12,13,35,16,16,43,21,32,28,53,39,45,45,43,75,65,87,78,92,111,92,89,111,113,113,128,130,146,155,163,166,176,179,177,192,205,219,215,224,255,255,271,281,292,293,306,328,336,317,354,368,395,400,412,386,432,419,485,488,468,518,544,539,552,566,606,585,641,648,696,671,676,743,711,757,790,790,852,831,854,847,915,954,993,943,939,957,1001,1095,1120,1065,1096,1188,1176
2,RO,vector,2,8,8,55,46,12,12,14,12,14,18,37,39,34,38,32,31,39,39,55,58,57,63,75,77,98,98,95,111,127,117,135,128,153,150,153,166,167,168,191,191,207,210,228,232,237,250,270,269,272,289,310,318,313,340,332,353,395,371,394,421,456,474,490,474,523,513,521,541,542,579,690,652,601,568,572,586,572,643,652,644,716,706,677,707,738,771,748,764,820,784,821,880,978,883,968,954,1005,1038,962
2,RO,vector,3,7,9,9,8,12,8,29,13,14,32,36,35,25,43,40,31,38,30,58,47,61,68,71,72,83,87,103,101,107,105,117,112,117,124,138,128,178,148,190,160,187,186,186,194,233,223,239,241,256,272,270,315,283,302,302,310,353,376,358,415,367,407,416,429,476,475,511,488,513,522,566,511,553,574,611,604,693,700,627,698,711,710,704,777,781,817,834,832,903,918,936,970,928,1006,1058,1096,1116,1136,1087
2,RO,vector,4,6,15,13,20,14,13,13,14,14,15,20,21,45,28,30,33,33,41,50,73,73,91,78,80,99,100,97,101,119,116,138,132,157,146,160,166,180,194,199,196,211,219,235,230,248,269,270,270,271,297,292,292,319,351,356,346,375,398,408,427,436,445,480,478,525,513,548,521,551,553,573,612,617,612,658,657,643,711,691,738,747,747,774,899,880,881,882,929,981,994,956,1020,1054,1069,1184,1125,1090,1091,1135
2,RO,vector,5,8,10,10,12,48,12,11,14,15,15,19,24,27,28,36,36,42,35,51,45,86,64,91,87,91,100,113,111,136,118,139,129,145,142,157,176,167,172,192,208,204,229,247,230,242,261,251,272,280,288,307,300,326,331,338,361,368,384,391,437,439,444,445,495,481,485,509,541,528,539,613,632,604,621,655,687,677,667,730,738,788,934,808,803,843,838,873,902,945,942,966,952,987,1044,1049,1033,1072,1055,1089
2,RO,vector,6,43,21,34,10,28,31,13,35,38,17,39,21,28,53,38,56,47,55,68,51,71,64,85,87,82,88,120,104,108,119,129,180,146,143,171,164,173,170,198,189,215,200,234,237,254,253,272,287,293,302,334,305,342,336,361,350,397,372,401,443,452,448,468,491,507,544,529,533,618,589,597,561,530,565,540,564,644,591,612,652,680,650,676,679,721,766,800,788,837,822,874,871,922,995,975,1008,1046,987,1089
2,RO,vector,7,4,6,10,15,15,29,12,13,14,32,35,18,26,40,30,44,35,36,47,54,58,46,47,53,59,74,97,93,102,97,119,111,151,127,151,133,153,152,162,170,211,197,201,213,202,239,232,216,280,273,267,306,318,334,379,373,400,402,422,440,429,460,442,468,503,501,513,510,552,533,591,580,639,630,682,676,683,704,748,739,705,788,778,767,859,799,910,902,1038,989,1012,955,1073,1076,1137,1135,1154,1162,1220
2,RO,vector,8,8,13,38,36,11,12,36,16,18,43,28,30,52,30,33,29,42,57,59,45,68,69,73,89,94,90,96,113,114,109,135,127,152,150,156,160,163,168,185,203,220,205,216,228,253,255,266,274,298,285,316,307,339,344,347,373,380,389,404,422,463,477,477,459,496,496,542,542,534,560,584,585,593,601,641,637,668,724,788,747,773,776,804,814,865,903,1065,952,980,938,993,1045,1057,1105,1029,1087,1138,1045,1085
2,RO,vector,9,51,18,13,30,31,11,33,14,38,17,20,21,46,43,36,39,49,49,53,62,64,74,73,133,95,96,115,105,116,119,124,134,147,139,157,166,180,177,193,187,210,193,235,224,256,238,258,269,293,308,300,297,316,346,334,353,392,411,422,428,433,449,469,461,508,486,526,561,567,574,592,576,631,589,653,592,667,677,706,738,723,756,833,786,801,847,862,845,935,947,991,967,960,988,1027,1008,1159,1068,1029
2,RO,vector,10,6,26,19,10,10,11,13,28,14,20,21,34,37,25,33,32,36,43,50,54,60,73,73,59,74,71,107,91,114,99,97,100,125,144,142,136,146,167,171,199,178,187,225,206,199,217,236,266,256,285,275,286,292,328,334,325,326,340,384,367,359,376,438,416,421,461,470,491,535,548,513,579,557,567,626,682,675,712,753,721,710,715,830,839,859,934,855,908,867,873,987,981,1141,1091,1125,1054,1144,1175,1110
2,RO,vector,11,11,12,10,19,19,34,14,13,15,16,42,41,26,28,32,33,56,60,62,47,42,43,51,79,95,113,104,102,131,110,128,137,135,145,156,156,191,176,216,192,214,222,230,229,240,247,272,269,282,282,320,312,338,327,349,351,390,386,392,423,438,431,450,449,470,548,595,618,667,637,616,586,626,605,668,675,692,715,747,804,771,782,791,855,880,920,864,899,920,977,1098,1019,1054,1102,1096,1086,1122,1180,1180
2,RO,vector,12,10,7,29,23,13,12,34,14,15,39,21,42,26,26,31,33,64,39,64,55,51,62,80,77,92,105,94,122,110,116,125,121,145,152,142,154,161,172,192,200,206,212,252,236,244,249,277,273,285,282,313,324,326,341,356,363,361,405,406,403,407,444,469,459,498,562,575,561,530,551,560,621,598,632,637,696,677,744,752,733,757,809,829,814,865,825,931,912,912,919,974,942,981,1018,1052,1080,1098,1133,1174
2,RO,vector,13,11,12,15,7,40,10,12,32,16,37,20,21,45,29,33,40,51,43,52,58,79,82,81,74,106,98,103,126,112,120,133,124,125,151,154,151,170,171,196,204,230,220,218,225,237,254,256,269,288,284,283,324,338,338,349,337,398,383,422,419,449,438,460,455,513,479,517,532,572,551,624,577,650,618,632,662,709,737,767,722,807,849,820,821,855,850,897,911,976,951,962,991,1074,1036,1089,1089,1095,1155,1214
2,RO,vector,14,10,8,19,58,14,12,14,34,34,38,21,38,38,29,34,35,54,40,44,50,69,73,58,71,94,103,112,117,104,123,134,128,153,146,151,171,178,188,188,190,215,207,224,236,252,264,265,270,292,302,325,309,323,326,352,368,381,392,403,408,439,427,425,429,477,472,475,492,534,662,682,621,660,606,711,661,718,722,722,737,737,750,793,907,882,846,926,904,924,969,1014,981,878,880,891,911,1031,986,1157
2,RO,vector,15,8,5,17,8,14,29,13,12,31,15,18,37,26,35,42,31,35,35,39,54,56,60,69,72,78,92,108,108,118,97,103,119,117,138,153,152,165,143,155,191,191,194,201,224,206,232,248,240,281,243,272,289,320,272,333,363,356,342,390,341,401,403,406,440,507,397,459,486,568,538,540,563,538,556,562,576,628,652,666,682,736,778,682,699,768,752,842,794,844,905,974,896,1028,981,995,1010,1127,1067,1183
2,RO,vector,16,10,49,22,34,11,12,34,36,37,17,20,42,35,32,38,36,64,64,56,58,72,51,89,97,93,92,126,111,121,108,126,132,135,138,166,173,172,175,186,191,213,203,208,231,234,272,265,270,299,287,290,336,328,342,368,343,394,399,388,423,450,449,491,486,492,486,551,573,533,571,564,636,590,595,660,663,670,655,675,715,749,747,785,788,868,820,893,848,941,934,1000,1018,1017,1000,1203,1181,1143,1166,1118
2,RC,table,1,73,40,43,53,58,65,93,88,111,98,113,132,172,154,187,205,180,190,199,198,202,225,255,279,263,284,304,330,326,341,370,355,393,397,411,422,444,444,493,480,460,406,466,479,481,497,533,534,561,584,594,597,625,622,655,670,695,711,717,728,765,783,813,816,862,847,883,898,912,931,974,966,1023,1032,1048,1250,1131,1101,1117,1166,1174,1211,1228,1238,1311,1284,1316,1327,1465,1400,1425,1467,1572,1574,1591,1617,1621,1680,1762
2,RC,table,2,49,52,41,64,58,75,100,75,83,92,104,103,130,159,140,156,159,175,187,187,200,198,219,218,235,235,272,267,290,288,307,313,351,377,372,366,392,405,420,427,449,457,461,493,524,536,544,556,580,585,624,622,689,759,767,797,751,736,755,797,779,815,830,847,873,886,920,904,965,970,990,991,1035,1038,1058,1067,1115,1103,1153,1165,1188,1240,1263,1268,1289,1298,1369,1460,1457,1479,1528,1550,1545,1631,1625,1628,1654,1661,1664
2,RC,table,3,65,41,36,53,79,60,69,80,101,107,126,143,151,127,166,142,173,176,189,194,208,210,220,223,245,262,270,282,295,306,317,329,338,360,369,384,390,408,424,431,460,463,476,521,536,544,550,561,572,593,615,630,634,628,664,681,768,848,756,757,786,778,832,825,863,864,903,947,932,951,971,1010,1026,1044,1066,1081,1094,1133,1154,1157,1272,1305,1293,1321,1352,1341,1374,1415,1498,1442,1496,1551,1564,1576,1688,1662,1707,1709,1708
2,RC,table,4,41,59,38,45,52,60,68,104,117,105,119,115,162,144,153,149,175,179,199,175,199,202,230,223,236,251,262,282,283,303,316,323,333,357,359,379,400,391,418,418,480,451,468,481,533,535,545,556,589,601,604,625,639,635,663,677,686,737,729,747,756,798,821,816,829,865,891,939,1085,961,974,1011,1101,1080,1124,1127,1130,1158,1194,1213,1225,1279,1291,1319,1325,1361,1444,1424,1449,1452,1521,1538,1581,1576,1614,1645,1662,1637,1664
2,RC,table,5,90,36,40,49,53,58,73,83,97,146,143,234,184,182,168,171,160,188,182,196,200,211,220,229,239,255,270,282,285,294,318,328,360,358,367,382,381,404,411,432,452,471,473,486,526,527,558,553,579,600,617,639,653,640,661,663,711,732,729,724,798,772,888,849,878,890,929,942,938,988,992,1009,1049,1093,1065,1121,1143,1152,1165,1165,1196,1240,1223,1368,1343,1337,1368,1427,1461,1468,1509,1513,1550,1805,1592,1601,1602,1681,1999
2,RC,table,6,75,39,38,47,54,60,69,75,89,89,101,106,134,156,139,187,173,170,170,191,207,245,237,228,246,280,267,278,294,306,313,323,335,360,371,387,381,452,423,445,457,463,485,486,507,517,534,575,583,639,621,609,640,653,680,701,752,752,771,774,799,791,842,851,878,905,933,932,960,943,983,987,1047,1027,1082,1098,1111,1179,1293,1391,1395,1398,1423,1444,1493,1525,1559,2055,1724,1651,1648,1697,1715,1741,1789,1810,1880,1794,1827
2,RC,table,7,98,34,42,49,61,68,86,96,120,127,110,159,152,221,163,215,205,199,216,216,210,221,248,256,282,292,298,312,324,344,361,380,386,395,414,414,449,451,482,478,492,515,566,548,566,566,589,621,660,651,682,670,669,710,721,734,776,786,818,814,839,842,883,901,931,938,976,970,1026,1021,1171,1123,1143,1231,1210,1250,1253,1274,1331,1310,1378,1384,1391,1349,1308,1373,1341,1346,1364,1407,1457,1502,1553,1564,1623,1597,1696,1700,1723
2,RC,table,8,44,66,41,69,63,104,68,74,82,91,102,108,168,145,145,153,172,164,177,200,194,217,226,224,238,251,261,268,285,305,311,324,334,338,350,376,391,396,413,463,447,451,489,483,514,504,539,558,567,585,613,634,646,642,649,673,703,697,752,729,759,771,810,822,855,916,1104,936,966,1002,1003,1015,1046,1071,1075,1136,1129,1159,1168,1171,1211,1206,1241,1264,1297,1355,1462,1394,1451,1454,1496,1507,1544,1586,1607,1619,1624,1656,1712
2,RC,table,9,84,31,40,43,67,61,73,82,93,131,101,111,170,129,162,142,167,172,183,179,194,207,216,233,254,250,264,278,291,309,319,320,334,332,356,383,392,405,427,434,457,461,480,493,543,530,551,544,580,587,611,612,634,666,680,711,697,703,730,757,791,872,838,840,874,888,898,944,973,970,1018,1024,1067,1057,1096,1122,1105,1144,1163,1260,1257,1270,1277,1277,1336,1360,1392,1435,1474,1491,1479,1495,1515,1541,1591,1569,1598,1632,1683
2,RC,table,10,89,32,37,46,52,56,71,111,92,107,115,116,179,142,162,154,180,182,188,189,196,214,212,233,244,259,263,301,373,365,389,404,415,458,742,722,1161,1506,3060,2707,1103,2300,2032,2196,2165,1246,2971,2430,2389,1104,771,728,737,2452,2076,864,933,883,1218,1231,1818,2789,1271,1125,1160,1114,936,1686,4547,3713,4584,3426,2043,4508,2641,1775,1653,1619,1707,1744,1757,1766,1591,1511,1605,1668,1719,1969,1993,1825,1722,1707,2167,1992,2068,2218,2037,2234,2601
2,RC,table,11,53,72,70,64,118,68,234,121,195,296,141,177,193,135,161,164,170,200,208,293,291,301,333,334,302,506,386,359,393,426,389,433,449,374,434,414,519,514,506,505,498,496,557,564,713,649,863,791,853,704,683,697,735,858,861,932,838,870,1285,908,1102,1004,931,961,1096,956,1049,1264,1165,1668,1284,1239,1133,1238,1432,1380,1600,1625,1817,1858,1689,1785,1714,1750,1799,1518,1553,1676,1636,1835,1843,1712,2207,2085,2061,2522,3164,4882,2297
2,RC,table,12,67,50,75,51,80,69,63,144,130,134,156,188,162,118,146,154,151,171,244,332,459,222,254,261,479,278,545,320,314,369,521,361,461,733,598,520,456,443,496,515,540,520,807,741,634,694,975,704,844,811,960,762,793,708,916,897,869,1168,985,1029,1654,1346,1194,1513,1393,1414,1357,1487,1290,1385,1589,1385,1395,1473,1385,1442,1411,1820,1679,1957,1602,1691,1846,1686,1761,1967,1549,1737,1914,1961,2007,2136,1853,1857,2226,2313,2100,2042,2362
2,RC,table,13,92,58,77,48,55,62,69,217,129,115,361,212,216,216,212,228,224,321,320,208,322,284,305,326,487,355,458,407,401,511,717,515,639,509,498,477,469,591,497,551,567,549,761,719,823,1007,785,860,867,856,961,915,1004,889,1126,880,1113,1047,984,1182,1013,1225,1426,1235,1266,1080,1227,3055,2977,1715,1298,1233,1844,1292,1319,1624,1526,1446,1811,1714,2409,4681,1987,1734,2190,1618,1848,1881,2348,4984,1729,1830,2003,1726,1926,1836,2750,5891,4305
2,RC,table,14,111,88,77,98,91,263,834,564,369,260,857,566,206,888,729,374,198,209,188,185,205,202,215,232,246,260,277,286,298,303,324,335,363,364,369,401,394,428,438,446,470,476,488,500,531,532,543,564,589,612,624,609,706,704,762,830,878,806,763,800,815,803,846,868,904,915,926,952,978,974,1011,1007,1026,1034,1088,1099,1174,1182,1204,1219,1251,1295,1273,1322,1372,1387,1496,1636,1817,1588,1613,1642,1688,1842,2083,1890,1892,1951,1993
2,RC,table,15,48,120,48,54,64,72,140,143,159,228,229,147,138,193,161,179,192,239,197,202,224,231,255,264,295,278,316,327,337,345,354,385,384,401,406,435,438,483,491,492,523,512,542,543,609,583,617,639,744,653,677,702,705,725,738,759,772,772,815,839,866,857,898,929,943,963,1081,1064,1063,1091,1116,1136,1170,1156,1239,1262,1256,1316,1328,1333,1306,1329,1359,1417,1416,1452,1478,1495,1500,1597,1608,1747,1777,1799,1809,1841,1862,1908,1931
2,RC,table,16,103,91,70,72,92,112,149,152,182,233,165,126,172,157,163,175,177,190,205,196,224,221,258,264,276,289,315,325,319,333,358,363,400,398,407,421,448,452,476,488,524,525,547,561,576,600,616,638,661,632,679,678,756,757,771,791,799,840,841,913,1138,919,942,952,983,992,1005,1033,1047,1057,1059,1070,1085,1113,1154,1257,1217,1235,1237,1258,1429,1431,1444,1485,1495,1501,1560,1559,1601,1636,1684,1626,1683,1686,1736,1713,1821,1808,1847
2,RC,vector,1,47,123,42,54,59,80,170,214,150,275,179,122,152,155,170,172,181,216,205,217,233,230,244,257,276,280,310,316,328,348,363,428,478,401,403,419,432,452,475,474,513,538,549,541,574,593,620,633,645,788,784,798,850,753,732,739,777,793,811,826,852,858,895,915,944,1048,1067,1060,1064,1094,1128,1124,1163,1174,1248,1244,1276,1250,1321,1277,1303,1312,1339,1462,1472,1452,1456,1489,1547,1520,1597,1742,1667,1804,1826,1578,1702,1693,1716
2,RC,vector,2,51,80,52,47,52,64,68,160,155,164,216,192,132,127,183,150,170,168,183,182,206,212,214,226,248,262,274,280,297,311,324,333,338,346,371,377,394,405,423,435,452,464,469,491,496,496,530,546,634,601,632,647,688,663,679,700,735,744,758,763,808,826,845,869,894,889,946,951,967,969,984,969,1031,1040,1062,1081,1107,1131,1190,1183,1197,1237,1259,1238,1339,1314,1360,1351,1445,1414,1472,1464,1545,1567,1638,1641,1691,1707,1774
2,RC,vector,3,34,118,51,49,55,62,67,142,157,170,274,168,147,173,163,166,164,172,191,187,208,222,235,239,269,246,271,285,296,310,332,338,336,349,359,387,402,414,420,444,461,481,479,490,517,547,556,569,581,605,600,640,639,679,689,675,718,722,730,778,775,795,824,822,852,861,910,913,928,954,1000,991,1018,1025,1063,1098,1110,1146,1156,1152,1257,1366,1263,1276,1264,1326,1337,1361,1385,1457,1430,1555,1546,1580,1615,1648,1663,1720,1743
2,RC,vector,4,82,105,45,55,90,65,156,105,155,209,202,134,125,159,149,159,166,178,178,190,200,203,217,239,242,247,272,277,297,310,325,322,357,349,389,375,394,404,432,445,452,457,500,491,526,518,560,561,583,581,597,614,620,636,658,684,702,736,766,802,793,787,820,819,863,863,894,911,925,964,987,986,1041,1031,1089,1070,1102,1125,1153,1164,1231,1241,1279,1251,1316,1305,1405,1361,1438,1481,1528,1525,1525,1578,1653,1676,1683,1692,1763
2,RC,vector,5,86,60,57,46,51,65,82,170,170,145,229,193,130,151,147,149,172,173,188,184,200,212,232,229,242,257,260,277,293,303,308,321,347,344,389,375,394,412,420,435,455,471,487,512,520,523,555,571,587,590,621,628,641,655,652,677,727,715,757,757,763,815,801,905,988,887,909,910,928,984,977,1004,1051,1042,1091,1105,1116,1109,1159,1179,1237,1233,1282,1281,1436,1421,1428,1401,1491,1471,1530,1546,1580,1588,1633,1561,1612,1640,1681
2,RC,vector,6,78,91,44,51,59,71,125,192,193,361,131,132,170,160,182,170,176,193,207,217,232,247,258,269,285,289,295,321,341,352,365,371,393,396,422,436,464,463,460,498,528,517,536,554,591,600,621,617,639,668,651,677,697,722,735,726,778,793,791,857,863,890,921,915,933,979,988,1009,1025,1023,1072,1078,1118,1230,1254,1258,1274,1294,1332,1317,1398,1404,1442,1410,1479,1476,1481,1499,1560,1547,1606,1601,1679,1649,1693,1724,1764,1782,2020
2,RC,vector,7,79,107,44,51,65,78,190,149,167,267,164,128,146,161,150,161,171,198,211,214,218,227,248,245,268,272,301,311,334,331,355,366,384,413,399,412,447,459,456,473,502,528,531,544,560,576,606,618,649,675,676,645,687,689,734,734,776,883,853,892,889,894,931,966,986,997,1031,1069,1089,1129,1094,1141,1160,1205,1237,1227,1246,1266,1313,1326,1360,1406,1366,1406,1438,1447,1478,1470,1510,1557,1579,1618,1625,1658,1698,1698,1764,1771,1846
2,RC,vector,8,129,69,44,53,60,76,176,208,188,256,159,134,163,143,162,171,177,187,206,222,225,242,247,265,283,287,307,314,356,329,373,360,377,475,478,505,514,559,592,561,604,637,648,635,673,663,648,635,617,631,648,674,692,694,734,736,764,824,861,866,880,899,925,923,969,973,1006,1018,1067,1081,1106,1132,1152,1148,1144,1161,1210,1303,1424,1295,1315,1334,1354,1387,1428,1450,1494,1487,1554,1558,1582,1601,1686,1776,1778,1798,1855,1882,1926
2,RC,vector,9,92,88,69,68,83,84,176,120,169,234,160,122,127,178,162,161,175,199,209,207,221,232,247,248,275,277,300,316,330,335,359,351,386,397,423,410,440,429,471,486,538,534,527,538,572,574,597,624,665,655,685,669,724,727,774,765,814,816,835,867,899,893,906,907,940,948,983,992,1009,1032,1079,1079,1096,1131,1170,1186,1215,1227,1261,1269,1312,1324,1223,1324,1356,1374,1364,1429,1445,1457,1528,1546,1555,1562,1551,1556,1593,1625,1667
2,RC,vector,10,111,69,37,50,50,60,75,161,146,141,250,183,130,137,174,159,165,179,188,179,201,212,228,235,254,255,271,287,297,295,326,331,352,355,350,376,395,403,416,438,450,471,486,518,513,513,556,551,609,746,645,629,646,647,675,675,716,718,739,733,778,785,838,820,868,871,915,948,949,944,978,981,1032,1052,1055,1171,1187,1162,1206,1209,1300,1252,1274,1345,1357,1352,1362,1398,1439,1470,1457,1459,1466,1533,1590,1578,1634,1668,1811
2,RC,vector,11,54,74,79,50,55,79,69,167,134,188,233,161,136,154,163,144,169,172,177,190,192,210,224,229,245,254,272,278,295,314,320,323,339,345,384,376,394,423,433,437,472,465,491,491,521,523,561,560,593,583,597,607,623,655,670,682,707,730,724,766,775,799,885,883,887,898,991,989,1033,990,1015,1013,1082,1076,1108,1389,1192,1161,1182,1212,1227,1242,1260,1271,1309,1325,1324,1342,1438,1427,1440,1511,1549,1668,1833,1712,1870,1736,1753
2,RC,vector,12,58,113,40,46,56,72,74,177,121,168,235,156,152,131,167,148,168,167,186,189,216,206,231,238,249,273,273,279,295,312,328,346,334,347,376,364,400,403,427,423,449,450,463,481,508,516,531,549,581,611,606,613,656,705,706,724,738,735,775,792,823,827,833,867,899,908,929,936,963,981,1028,1035,1032,1024,1090,1098,1100,1154,1171,1200,1217,1217,1259,1279,1304,1332,1346,1381,1464,1532,1627,1637,1799,1782,1810,1836,1923,1902,2070
2,RC,vector,13,117,82,73,94,90,172,164,162,239,156,126,125,168,138,160,174,173,197,202,217,235,221,260,268,290,290,319,313,333,349,339,358,408,395,421,428,440,459,481,490,531,531,546,577,579,590,617,624,662,648,672,672,700,686,731,753,755,780,792,806,848,865,894,916,914,944,981,983,1043,1033,1089,1073,1128,1130,1156,1176,1269,1233,1478,1284,1344,1330,1371,1349,1442,1578,1563,1517,1614,1625,1699,1696,1739,1807,1804,1810,1837,1906,2015
2,RC,vector,14,76,121,46,63,81,79,196,158,202,258,142,123,184,158,156,158,178,183,196,207,231,234,242,254,271,284,305,316,331,346,356,371,384,397,421,426,436,447,472,475,523,521,548,554,565,590,614,611,639,665,636,665,694,689,716,745,743,796,821,818,851,926,896,895,931,921,983,1017,1030,1008,1052,1098,1119,1129,1138,1154,1206,1344,1311,1327,1335,1359,1455,1460,1546,1527,1591,1549,1561,1578,1567,1880,1874,1746,1764,1773,1851,1859,1933
2,RC,vector,15,113,79,49,65,79,72,169,141,161,295,157,124,171,144,157,183,174,190,209,212,225,237,236,267,279,288,308,333,375,331,374,367,378,394,416,423,448,460,479,496,588,710,560,546,572,584,621,618,620,625,656,638,698,710,738,744,762,797,805,818,835,857,868,913,928,955,977,1090,1070,1098,1119,1161,1170,1154,1233,1246,1272,1256,1321,1300,1297,1362,1361,1383,1481,1436,1458,1476,1534,1526,1593,1595,1648,1678,1684,1695,1794,1768,1813
2,RC,vector,16,61,134,43,52,62,86,223,214,215,198,131,136,165,146,160,172,191,194,189,207,211,234,253,264,275,281,302,305,350,336,388,404,393,407,413,413,442,456,484,479,506,515,535,551,595,599,610,624,641,649,630,608,688,650,687,691,706,736,775,776,797,828,820,866,893,920,904,922,963,980,996,998,1032,1011,1037,1070,1083,1119,1207,1156,1210,1244,1248,1280,1292,1293,1358,1373,1392,1575,1485,1464,1513,1533,1582,1565,1636,1665,1952
3,RO,table,1,42,15,12,28,14,41,13,31,47,19,38,26,93,35,45,37,54,45,38,58,56,69,80,103,99,103,120,95,105,141,111,128,170,149,144,165,171,219,197,246,258,243,249,225,309,286,279,341,346,303,348,359,368,423,397,399,442,420,446,487,457,488,536,518,535,550,567,632,617,681,705,680,682,725,756,742,744,773,796,797,873,883,966,1058,1016,1063,1101,1101,1155,1207,1204,1208,1239,1255,1292,1294,1270,1290,1333
3,RO,table,2,15,42,8,50,10,34,14,16,18,19,22,27,42,35,45,53,49,101,86,93,100,101,135,108,98,113,128,98,120,120,155,156,183,199,167,182,221,230,219,216,250,209,281,304,309,306,355,344,343,385,383,389,446,421,420,451,470,504,494,523,534,551,584,586,607,635,677,642,659,665,716,731,750,806,804,864,883,876,932,990,1009,1006,1005,1023,1109,1099,1142,1172,1214,1224,1212,1244,1311,1259,1273,1312,1366,1443,1402
3,RO,table,3,10,25,8,46,29,12,21,16,18,34,22,30,40,42,41,59,54,88,145,85,94,109,160,118,116,101,177,104,141,145,151,175,177,128,179,202,219,225,219,189,241,279,295,304,306,277,326,302,358,370,395,393,422,446,530,549,516,580,545,535,509,555,599,608,613,640,645,666,693,694,666,717,785,767,811,824,733,877,892,903,873,961,947,1001,1072,1121,1170,1173,1133,1122,1262,1253,1299,1343,1269,1436,1408,1377,1484
3,RO,table,4,57,8,27,32,19,35,14,35,30,31,39,37,26,29,78,53,50,85,114,78,104,124,115,116,83,125,123,108,143,148,148,172,184,181,208,162,219,217,216,250,262,262,295,285,312,281,278,335,372,395,414,402,404,432,388,451,495,457,476,545,508,533,590,612,584,618,626,659,695,714,713,722,788,722,753,815,836,861,860,892,922,888,888,988,975,1067,1087,1108,1142,1137,1174,1182,1255,1254,1335,1369,1439,1381,1574
3,RO,table,5,57,20,9,99,23,47,38,36,38,17,35,49,64,44,78,52,69,78,77,106,111,116,94,100,129,119,105,111,152,123,132,174,144,178,154,173,218,199,223,224,258,267,246,264,303,318,325,322,373,383,397,412,416,425,411,395,446,449,465,492,530,539,582,586,568,629,681,705,710,716,737,697,740,757,825,848,865,900,913,896,911,951,1029,1015,1118,1153,1119,1070,1157,1059,1162,1169,1293,1175,1289,1289,1376,1367,1427
3,RO,table,6,9,35,11,29,17,22,28,31,16,17,38,22,38,47,42,69,117,92,160,97,116,101,111,108,104,118,119,102,161,156,167,167,193,177,189,188,186,207,235,226,273,279,287,286,311,327,332,359,330,391,388,393,428,363,440,428,483,484,540,511,549,590,593,602,608,668,634,651,672,651,733,724,707,734,822,797,808,870,889,840,933,873,945,991,1015,1093,1103,1171,1116,1127,1214,1274,1261,1221,1368,1306,1362,1403,1382
3,RO,table,7,8,56,27,28,22,32,13,23,24,18,40,23,29,59,73,97,85,98,98,105,124,132,97,104,107,110,126,101,151,159,149,173,142,185,207,199,212,217,211,185,214,259,298,304,270,320,306,327,301,342,371,364,415,436,472,459,483,515,532,539,571,537,584,625,633,624,714,680,715,702,764,774,820,821,855,847,900,931,874,882,1009,918,1021,1010,1097,1104,1017,1108,1124,1108,1182,1106,1218,1280,1218,1373,1368,1375,1452
3,RO,table,8,17,84,41,33,14,34,18,35,44,25,31,30,60,78,55,52,59,55,110,103,85,113,93,78,121,145,117,116,154,112,142,121,139,161,176,201,208,207,236,239,259,262,277,214,273,389,464,365,386,402,367,389,424,421,425,429,461,509,557,535,529,568,582,577,604,566,674,682,637,703,728,736,778,777,731,800,850,849,896,917,901,1039,1050,1276,1141,1093,1149,1129,1161,1125,1116,1152,1173,1291,1336,1230,1198,1165,1360
3,RO,table,9,10,15,13,16,38,36,31,29,24,21,42,33,47,45,60,78,93,97,69,103,106,149,111,89,97,123,126,137,143,105,169,177,180,190,203,156,208,231,237,228,259,230,290,302,304,253,348,358,355,324,385,391,414,410,426,437,478,494,572,495,513,587,617,571,615,608,660,632,715,729,743,783,770,790,788,852,835,851,920,960,980,979,1038,1030,1069,1074,1074,1070,1169,1190,1178,1277,1339,1257,1352,1265,1380,1468,1515
3,RO,table,10,10,16,59,89,19,14,15,44,18,34,41,26,29,60,69,44,65,125,98,96,136,108,86,84,88,115,96,125,124,121,133,173,145,142,183,192,224,215,237,235,225,258,297,220,311,327,284,336,330,387,383,413,413,421,437,447,410,511,519,545,573,550,555,615,667,609,654,657,630,706,695,676,739,718,812,824,795,801,796,861,953,955,1088,1005,948,994,1122,1060,1173,1136,1146,1266,1264,1333,1323,1416,1425,1480,1447
3,RO,table,11,45,33,43,11,41,13,34,14,17,37,38,25,31,44,98,54,78,90,67,94,121,113,131,89,91,134,107,131,119,138,166,153,138,152,201,199,233,225,252,192,262,265,287,290,310,330,342,343,371,396,390,371,409,414,462,466,452,493,490,544,558,572,595,584,621,646,633,605,701,694,689,723,760,749,776,821,854,784,900,883,874,945,913,959,1000,1059,1005,1294,1215,1228,1227,1269,1307,1286,1305,1351,1474,1442,1429
3,RO,table,12,11,13,26,12,124,14,15,16,23,19,22,41,30,42,68,75,81,77,98,67,132,146,111,111,100,127,103,115,140,141,135,158,160,170,188,213,195,205,251,244,254,276,273,301,291,302,308,360,334,373,335,372,396,429,468,477,493,489,508,523,597,615,601,546,578,580,636,640,679,714,768,752,811,804,864,841,877,890,954,875,958,893,918,985,1057,1002,1086,1082,1055,1139,1185,1120,1240,1288,1446,1386,1212,1387,1409
3,RO,table,13,13,11,23,58,74,16,42,44,24,39,57,25,75,101,68,48,54,57,84,151,77,101,105,97,142,124,127,119,149,209,218,147,160,177,189,203,230,225,218,219,243,263,261,286,327,247,328,350,355,324,354,369,396,407,402,410,457,476,460,523,538,559,563,576,607,614,634,688,637,707,733,750,816,800,790,856,905,935,818,897,931,1009,1043,1038,996,1059,1077,1099,1158,1127,1139,1217,1240,1262,1339,1261,1310,1277,1351
3,RO,table,14,8,15,15,42,28,21,21,19,19,19,24,23,31,34,36,47,89,89,71,103,99,121,146,110,110,88,128,132,112,165,146,149,175,169,152,211,232,215,236,207,262,277,269,297,303,343,312,313,355,385,331,384,393,433,441,477,451,475,502,517,556,528,532,595,621,644,674,663,644,650,732,731,759,767,823,781,861,852,836,841,928,936,962,930,1029,1011,1042,1161,1197,1160,1259,1269,1274,1257,1289,1390,1301,1474,1451
3,RO,table,15,7,14,8,16,54,28,26,35,25,39,52,33,29,34,57,74,94,55,62,95,89,137,152,87,103,106,153,127,127,140,155,129,176,194,194,195,223,216,214,252,236,234,271,248,307,329,317,335,345,351,367,394,428,418,447,446,492,529,528,508,521,583,585,605,596,636,616,633,678,651,735,691,740,769,822,814,841,864,910,1003,980,899,995,997,971,1056,1058,1028,1136,1133,1054,1051,1149,1065,1114,1143,1247,1224,1361
3,RO,table,16,30,6,52,38,9,11,13,13,29,26,26,21,24,42,33,37,58,80,78,98,96,111,94,119,111,117,121,128,137,144,147,157,132,155,165,198,196,163,189,225,188,255,266,219,266,318,321,315,290,291,387,380,349,416,373,444,419,433,510,450,498,530,548,502,538,586,603,632,611,659,630,693,619,694,711,697,717,755,836,785,843,897,791,879,901,967,991,1040,986,1122,1133,996,998,1121,1159,1215,1100,1163,1411
3,RO,vector,1,8,20,60,23,19,25,21,37,18,18,34,42,35,51,70,70,83,102,73,91,153,97,109,114,106,118,133,132,144,117,163,165,188,181,208,197,219,231,237,195,274,266,289,300,326,327,336,305,358,374,394,411,442,421,454,454,427,512,542,498,508,553,604,629,654,590,673,676,734,742,753,765,736,818,853,865,927,872,916,918,988,957,1009,1045,1068,1009,1105,1116,1151,1176,1197,1160,1269,1256,1250,1350,1285,1263,1386
3,RO,vector,2,61,26,42,19,19,13,31,15,34,19,20,23,31,36,64,138,86,120,76,108,178,89,113,78,105,119,133,120,138,119,134,144,198,144,208,206,228,228,225,241,262,208,290,288,299,427,387,361,304,380,394,409,430,435,460,388,489,525,521,519,446,573,612,565,639,632,665,640,686,659,674,741,756,734,805,732,851,847,862,929,938,1036,993,977,1053,1120,1146,1146,1198,1122,1258,1262,1339,1243,1410,1383,1338,1472,1491
3,RO,vector,3,8,13,23,11,32,61,38,22,25,37,35,36,38,43,40,54,62,89,88,89,140,108,123,93,84,139,103,130,150,129,148,144,161,190,207,218,217,194,252,235,232,263,286,232,271,297,332,331,388,373,383,382,411,360,430,421,456,493,541,555,551,576,605,601,597,650,667,639,615,602,695,689,727,787,821,829,858,851,911,946,980,977,886,1038,991,987,1016,1146,1188,1084,1228,1208,1252,1232,1279,1383,1484,1426,1476
3,RO,vector,4,10,26,7,57,18,18,16,17,41,19,40,22,56,29,38,99,48,82,115,97,85,138,107,99,98,110,118,125,139,158,167,138,178,176,195,190,172,212,253,230,251,272,292,289,323,259,342,350,363,373,401,391,434,424,429,449,467,446,526,542,544,568,588,568,597,610,675,668,694,641,691,736,760,704,762,824,847,816,877,842,877,917,1123,967,1015,1060,1087,1019,1138,1126,1195,1223,1137,1074,1242,1334,1295,1346,1424
3,RO,vector,5,63,27,53,10,18,13,14,27,16,18,34,24,28,37,37,44,110,93,112,66,162,174,110,109,114,109,108,151,151,121,146,147,162,170,169,167,189,191,243,219,309,229,308,283,297,295,244,322,327,310,376,389,382,389,420,358,454,480,450,497,479,468,474,575,527,616,574,648,631,591,646,613,749,664,761,702,700,795,807,834,955,885,917,886,944,968,1113,1012,1126,1064,1112,1153,1169,1266,1196,1227,1266,1243,1263
3,RO,vector,6,20,4,9,29,17,9,14,38,29,30,35,36,25,36,31,35,72,46,62,70,144,114,150,105,125,97,112,138,121,147,127,160,174,172,159,174,180,205,170,237,200,240,280,244,309,290,250,278,319,341,328,358,350,385,436,422,421,480,445,518,527,484,554,533,557,533,651,632,603,602,625,677,690,686,800,754,891,860,821,843,892,905,866,923,905,974,1065,1004,1009,1057,1111,1220,1279,1300,1291,1231,1370,1345,1526
3,RO,vector,7,21,74,15,31,14,30,30,15,47,38,21,24,36,42,58,41,91,57,72,123,113,115,118,111,116,125,105,125,151,153,153,147,140,153,216,197,213,236,263,270,251,249,270,290,296,293,328,317,370,372,382,376,426,445,479,617,531,538,510,512,560,558,619,620,595,568,645,650,697,655,727,745,786,817,780,844,867,878,938,906,866,966,1034,1028,1075,1091,1143,1157,1253,1286,1259,1203,1276,1262,1319,1327,1361,1321,1406
3,RO,vector,8,14,16,12,95,39,13,24,13,32,58,20,38,30,26,46,85,69,108,70,102,124,130,118,96,88,135,101,111,162,121,158,156,158,150,184,199,225,181,209,239,241,273,296,289,325,328,341,343,354,327,381,378,404,425,459,427,480,513,538,478,519,515,601,612,659,649,670,678,726,734,753,711,804,826,755,872,814,859,870,887,970,944,1124,1047,1070,1061,1152,1070,1151,1148,1215,1206,1241,1329,1426,1257,1409,1432,1452
3,RO,vector,9,13,31,20,38,37,14,34,36,38,27,23,37,39,29,91,59,76,59,66,123,121,127,108,96,107,119,126,138,119,122,137,162,167,179,187,222,198,187,239,241,265,271,294,302,321,320,340,341,348,372,375,399,421,421,414,451,461,437,416,495,519,519,556,571,584,605,608,615,637,681,704,706,801,787,823,802,824,903,880,941,963,970,911,985,1174,1177,1146,1134,1194,1209,1268,1178,1325,1286,1377,1377,1319,1406,1440
3,RO,vector,10,10,9,20,25,21,22,13,35,31,18,20,40,28,47,47,72,76,90,126,99,120,105,111,82,122,106,112,137,116,170,162,134,169,196,180,168,189,252,221,238,277,276,238,293,298,298,334,342,330,366,377,413,431,416,454,442,476,494,556,517,561,560,588,506,596,632,678,656,671,700,731,729,768,733,840,821,792,829,851,926,956,881,998,1006,1034,1049,1141,1137,1139,1057,1087,1207,1230,1247,1253,1314,1375,1343,1509
3,RO,vector,11,12,13,13,88,14,19,17,45,34,39,25,38,26,38,52,102,68,73,89,101,83,111,114,113,117,125,104,140,107,125,143,138,173,176,202,160,213,219,251,250,215,271,275,303,298,307,315,350,356,366,382,384,420,447,446,461,451,492,471,505,575,574,586,588,568,596,709,709,572,703,752,701,748,662,806,838,839,862,882,827,990,984,1095,1075,1035,1062,985,1120,1049,1192,1113,1178,1275,1244,1228,1240,1298,1375,1456
3,RO,vector,12,20,7,9,7,33,28,12,17,17,22,32,26,40,44,47,40,55,97,117,106,97,82,130,120,117,91,145,107,151,146,124,160,173,152,153,169,221,176,228,237,278,271,285,272,331,346,439,365,372,388,397,404,434,443,449,421,458,493,530,534,512,517,608,599,627,655,612,695,659,725,699,734,833,837,859,846,835,852,966,956,1039,922,1051,973,1018,1060,1103,1198,1178,1211,1248,1316,1319,1314,1505,1466,1435,1482,1510
3,RO,vector,13,34,14,56,36,21,34,31,20,16,19,30,33,27,29,45,67,92,67,99,74,102,124,125,116,102,142,131,128,155,149,170,150,161,173,211,175,241,202,236,241,266,266,281,230,346,325,331,354,357,338,401,403,424,449,436,445,489,426,499,495,544,519,573,571,602,626,634,651,687,706,733,707,730,750,779,793,837,847,827,824,948,902,974,936,1059,1069,1060,1138,1099,1121,1261,1187,1342,1273,1394,1279,1420,1408,1423
3,RO,vector,14,9,14,44,42,9,16,15,32,19,20,32,24,36,31,53,66,91,70,94,62,89,143,117,94,101,95,137,137,115,148,154,159,147,186,204,214,215,221,247,190,262,251,294,295,294,309,336,333,327,375,400,382,413,407,420,452,469,467,526,491,526,570,551,572,586,604,624,650,673,680,692,682,719,789,721,755,794,856,913,908,921,965,1014,997,1058,964,1079,1014,1071,1238,1236,1234,1174,1267,1332,1375,1432,1425,1495
3,RO,vector,15,11,42,59,37,68,12,29,15,32,38,41,41,50,79,43,57,96,83,109,129,99,96,82,86,118,118,107,122,153,119,115,130,177,148,157,149,168,209,188,226,220,205,213,216,238,291,320,291,326,351,365,307,368,390,401,404,443,426,465,466,531,462,539,527,549,522,572,560,612,631,646,670,631,639,799,724,794,754,842,784,796,910,793,888,941,951,986,923,1125,980,1115,1036,1061,1241,1192,1184,1126,1261,1370
3,RO,vector,16,56,14,35,11,13,14,14,30,32,33,18,35,38,26,28,42,71,55,72,76,85,109,168,122,117,121,143,106,137,151,128,171,175,183,193,197,166,201,236,251,273,261,242,296,311,405,326,416,364,357,444,406,429,443,454,476,494,502,524,516,539,560,583,624,659,633,626,641,655,760,744,763,761,804,861,864,883,925,958,946,850,950,978,848,1063,1048,1105,1044,1139,1147,1223,1213,1158,1290,1232,1347,1405,1382,1443
3,RC,table,1,85,128,114,178,72,108,92,115,117,139,178,138,161,146,162,181,176,209,218,223,219,220,247,267,292,309,300,319,365,434,457,375,417,383,382,398,401,451,435,502,489,471,522,525,555,550,569,590,595,608,697,652,670,691,754,674,777,739,779,847,847,877,934,915,905,1072,1021,1021,1023,1027,1062,1129,1150,1164,1218,1248,1237,1242,1300,1283,1334,1330,1373,1500,1421,1450,1519,1497,1530,1601,1623,1625,1686,1705,1737,1817,1774,1820,1932
3,RC,table,2,106,93,37,51,60,74,156,177,194,255,175,121,156,163,156,168,157,197,196,189,218,212,243,250,253,261,264,285,315,323,343,352,360,409,383,406,428,427,512,442,482,510,580,538,624,571,577,639,675,615,629,688,681,720,751,732,772,803,826,872,873,989,938,923,947,1003,1056,1001,1059,1110,1091,1160,1173,1209,1256,1205,1230,1268,1264,1322,1327,1359,1426,1509,1443,1449,1488,1541,1526,1631,1676,1607,1713,1708,1719,1721,1831,1896,2040
3,RC,table,3,127,74,50,53,58,63,196,135,151,241,164,158,167,141,155,150,149,199,177,199,226,238,260,269,249,250,312,324,343,317,379,331,347,395,406,400,420,438,452,564,468,475,516,475,506,553,567,594,672,645,686,713,736,697,770,765,798,797,845,853,872,895,894,920,958,1000,990,1044,1135,1047,1080,1127,1165,1152,1177,1201,1191,1236,1262,1288,1296,1363,1373,1395,1425,1497,1566,1500,1642,1647,1732,1660,1779,1837,1809,1779,1893,1889,1888
3,RC,table,4,66,102,49,54,59,73,128,170,165,259,182,153,164,142,142,168,177,185,194,221,195,242,251,249,258,280,250,296,316,317,347,358,393,372,385,405,456,437,446,456,473,491,543,577,533,582,593,614,572,657,684,646,696,715,860,808,763,780,804,835,845,923,858,935,925,939,993,1071,1062,1020,1096,1041,1143,1196,1181,1258,1359,1344,1323,1359,1355,1417,1407,1477,1557,1537,1578,1584,1538,1586,1642,1635,1712,1699,1803,1863,1856,1867,1965
3,RC,table,5,123,97,50,73,64,131,182,150,248,178,124,128,162,139,147,155,189,187,199,208,199,223,236,258,234,240,292,283,312,299,373,319,355,379,415,397,399,390,431,491,493,457,504,539,526,582,585,598,578,652,628,644,682,760,734,727,800,762,783,834,823,891,956,942,980,1001,959,1055,1056,1091,1064,1113,1148,1395,1421,1399,1203,1236,1297,1282,1395,1329,1337,1460,1446,1546,1486,1519,1671,1680,1705,1893,1741,1859,1903,1787,1861,1888,1895
3,RC,table,6,73,107,43,55,67,75,153,156,181,360,130,142,158,135,162,150,188,189,185,190,213,246,237,240,260,255,286,313,286,326,341,314,362,388,413,408,451,427,470,460,464,493,520,521,550,570,580,606,587,627,668,655,628,650,693,747,757,804,811,804,841,826,892,873,917,909,981,975,1011,1008,1066,1089,1130,1152,1215,1155,1184,1237,1305,1349,1304,1398,1425,1394,1462,1459,1542,1526,1637,1592,1651,1704,1693,1756,1805,1824,1894,1875,1948
3,RC,table,7,118,83,75,55,61,69,196,162,255,202,152,116,168,139,166,149,173,184,228,184,224,243,252,249,278,288,306,306,319,341,360,335,339,374,399,394,439,418,475,436,474,466,513,504,557,548,576,570,596,605,687,679,677,698,733,727,784,791,794,852,865,834,926,892,979,940,957,981,1096,1093,1049,1085,1097,1189,1256,1218,1232,1266,1360,1688,1344,1369,1443,1449,1459,1619,1505,1551,1611,1626,1667,1635,1856,1769,1800,1753,1877,1802,1792
3,RC,table,8,114,75,48,50,60,73,154,206,163,260,164,122,168,154,145,181,162,184,194,201,219,211,254,252,257,265,313,318,316,331,365,370,346,394,378,416,414,425,463,474,497,515,530,557,564,559,628,598,623,654,718,672,645,671,689,727,823,766,798,842,863,906,935,958,870,977,1042,1041,1055,1076,1100,1097,1197,1201,1235,1213,1262,1279,1354,1328,1389,1425,1399,1418,1479,1451,1477,1599,1919,1672,1660,1740,1733,1748,1855,1794,1857,1915,2040
3,RC,table,9,44,90,45,49,61,69,95,100,127,114,108,196,123,164,162,177,160,200,196,198,213,228,245,228,264,288,275,288,312,309,359,346,375,388,379,396,421,432,467,524,478,483,542,527,565,603,625,591,664,653,685,734,736,681,730,765,779,862,904,888,857,949,915,964,1004,895,952,1021,979,1039,1033,1101,1087,1129,1168,1224,1235,1270,1326,1354,1364,1348,1417,1411,1448,1464,1561,1555,1610,1643,1628,1656,1751,1702,1770,1762,1805,1866,1890
3,RC,table,10,96,41,47,47,77,72,94,93,117,124,119,183,129,225,160,180,170,192,213,194,225,203,222,276,245,263,281,297,328,331,341,344,386,377,406,398,453,420,439,449,464,512,573,518,537,572,584,588,639,668,671,629,659,683,691,738,840,788,868,846,868,890,880,868,916,969,964,1039,1043,1019,1068,1110,1177,1140,1148,1170,1250,1195,1273,1483,1417,1336,1379,1445,1415,1444,1518,1453,1577,1562,1629,1679,1666,1759,1851,1816,1851,1882,1955
3,RC,table,11,96,39,42,54,62,73,84,103,96,106,115,124,160,127,163,158,210,201,212,204,215,217,250,219,251,269,299,303,314,341,337,351,383,402,410,459,399,446,459,456,486,485,533,544,579,594,582,593,607,664,673,699,683,738,745,714,726,778,831,863,839,859,931,913,950,928,1039,971,1076,1014,1094,1100,1172,1113,1187,1181,1204,1221,1280,1289,1307,1309,1452,1415,1530,1474,1503,1583,1636,1697,1638,1670,1759,1789,1730,1733,1806,1892,2060
3,RC,table,12,91,43,49,52,68,75,104,110,119,119,103,179,120,156,154,157,179,182,180,199,209,234,240,229,264,246,293,299,306,319,332,331,368,365,395,387,428,438,427,468,514,531,556,563,542,578,763,622,632,660,712,655,667,684,722,765,774,768,814,840,858,878,949,898,922,943,1002,1013,1028,1174,1123,1065,1199,1179,1197,1306,1244,1321,1338,1337,1449,1473,1454,1420,1502,1496,1515,1631,1640,1622,1745,1639,1664,1675,1813,1699,1807,1835,1826
3,RC,table,13,56,66,45,50,61,76,91,96,108,133,109,194,132,153,166,177,173,197,193,203,208,218,257,258,261,267,268,292,318,299,350,331,373,364,391,415,423,461,452,469,490,536,529,583,557,571,598,637,630,692,656,668,672,699,761,780,843,862,859,910,885,959,942,1007,959,1012,1037,1048,1048,1071,1162,1106,1114,1235,1224,1244,1270,1369,1315,1317,1420,1442,1374,1518,1493,1485,1492,1647,1679,1686,1551,1717,1718,1743,1746,1749,1844,1892,1860
3,RC,table,14,95,40,47,49,77,79,106,95,111,130,148,163,136,161,141,180,176,190,214,210,199,206,242,257,242,263,267,303,302,308,360,343,388,400,398,446,451,467,477,444,497,498,526,544,566,595,608,613,628,662,675,676,686,700,712,761,829,749,805,859,858,864,922,979,1019,988,994,1065,1060,1065,1229,1104,1243,1186,1233,1230,1216,1239,1321,1372,1462,1386,1473,1410,1452,1475,1475,1459,1623,1577,1650,1807,1786,1754,1769,1793,1842,1907,1983
3,RC,table,15,82,45,46,83,94,76,90,84,91,100,102,165,152,148,158,172,153,194,184,196,223,227,228,270,280,271,284,287,317,351,338,345,368,386,401,431,444,427,462,450,486,517,564,515,535,567,572,614,651,608,686,705,730,709,747,750,788,789,888,856,866,1047,1006,1030,981,954,1050,1000,1055,1101,1124,1163,1161,1126,1178,1153,1208,1248,1258,1305,1342,1439,1425,1458,1501,1502,1594,1575,1681,1645,1640,1695,1662,1744,1818,1885,1771,1935,1882
3,RC,table,16,80,42,48,55,59,91,76,115,108,121,119,176,146,186,146,168,176,191,191,187,204,249,256,248,241,264,285,297,338,305,318,375,436,391,386,408,389,469,463,446,458,511,548,539,569,617,635,603,605,634,640,668,660,683,736,710,757,763,782,811,856,889,912,995,938,932,945,1043,1144,1102,1114,1133,1151,1239,1219,1280,1263,1313,1308,1382,1393,1378,1347,1394,1506,1532,1522,1469,1506,1560,1614,1637,1642,1657,1715,2034,1905,1915,1975
3,RC,vector,1,72,58,50,63,96,79,84,95,109,112,109,172,128,160,141,181,180,179,214,197,237,242,248,265,242,264,279,286,314,322,343,377,355,380,386,411,454,406,457,557,481,513,490,494,557,566,568,602,616,702,678,740,722,753,747,746,793,786,821,856,891,917,963,965,979,994,1012,1035,1023,995,1066,1085,1173,1170,1186,1159,1182,1199,1258,1320,1340,1304,1468,1622,1596,1519,1824,1613,1738,1724,1721,1756,1978,1938,1961,1952,2176,2083,2381
3,RC,vector,2,98,77,54,72,76,92,97,107,151,149,168,139,195,199,181,204,204,204,201,257,247,264,284,285,307,295,343,357,395,409,411,512,478,623,496,578,580,601,635,589,604,640,539,538,611,639,812,787,724,761,764,713,767,881,967,1159,1010,946,1040,982,976,1157,1029,1117,1186,1146,1173,1271,1225,1228,1288,1292,1325,1411,1447,1386,1289,1282,1330,1351,1400,1464,1434,1490,1562,1506,1576,1564,1616,1685,1738,1665,1689,1681,1710,1833,1852,1861,1819
3,RC,vector,3,63,62,49,60,63,71,94,99,154,112,145,159,136,171,161,175,197,201,208,188,232,216,232,225,235,262,274,290,333,325,330,359,381,348,406,401,397,410,461,474,493,515,553,669,623,681,733,640,630,639,675,687,726,807,728,746,841,794,824,825,888,926,968,941,969,1004,1003,1029,1123,1066,1117,1147,1299,1173,1235,1234,1287,1266,1226,1385,1388,1365,1349,1383,1428,1552,1554,1487,1571,1546,1675,1711,1735,1779,1720,1780,1817,1815,1882
3,RC,vector,4,80,60,50,47,60,71,95,95,125,122,139,183,147,166,157,170,153,199,190,230,213,205,230,237,279,264,277,308,321,322,338,371,350,383,378,403,425,453,453,458,463,502,562,573,574,582,701,732,675,653,677,670,694,728,776,824,786,765,827,856,891,921,963,954,953,993,980,1042,1059,1034,1075,1089,1114,1128,1151,1214,1215,1261,1272,1268,1360,1393,1335,1400,1419,1480,1472,1495,1569,1591,1652,1581,1661,1718,1719,1794,1856,1831,1953
3,RC,vector,5,95,36,50,50,64,75,84,122,96,118,127,175,120,162,151,187,156,186,191,207,224,217,240,285,277,260,311,300,320,335,343,354,351,376,433,420,421,424,451,449,488,503,512,541,560,578,621,646,688,655,678,674,695,674,738,733,751,775,827,861,838,883,912,928,938,966,949,1001,1050,1051,1129,1095,1170,1204,1231,1260,1203,1286,1276,1290,1318,1387,1411,1447,1524,1535,1543,1727,1686,1794,1690,1773,1738,1733,1884,1871,1842,1895,2083
3,RC,vector,6,87,44,50,58,64,76,71,85,87,127,111,136,167,140,167,144,168,184,204,209,221,217,257,242,285,284,314,339,349,351,349,370,355,357,434,401,404,410,446,400,475,477,485,558,582,600,587,615,609,665,598,652,768,795,817,794,812,859,844,839,868,911,867,977,973,971,1033,1059,1212,1079,1076,1134,1117,1185,1182,1194,1220,1232,1279,1340,1415,1382,1434,1476,1498,1470,1530,1668,1638,1583,1633,1710,1798,1861,1779,1896,1867,1900,1883
3,RC,vector,7,92,40,48,49,60,66,88,110,127,118,107,173,149,151,146,176,190,196,199,206,214,225,225,243,238,280,311,282,313,306,347,346,396,346,398,392,430,438,480,468,504,575,532,526,590,567,639,598,626,644,682,701,720,680,769,693,824,806,836,848,858,856,963,1057,955,1015,1032,1178,1076,1083,1121,1153,1203,1219,1243,1324,1273,1280,1298,1311,1385,1456,1475,1462,1423,1508,1631,1561,1650,1641,1700,1630,1644,1737,1770,1862,1854,1879,1902
3,RC,vector,8,79,67,95,69,76,85,90,127,125,99,186,132,150,143,159,155,167,171,202,203,198,237,251,227,243,272,282,293,339,313,345,358,367,394,393,400,417,455,473,470,480,528,534,571,546,572,607,631,602,640,682,671,698,766,743,810,814,810,813,849,861,950,932,926,952,983,955,1055,1029,1061,1060,1145,1177,1228,1207,1208,1308,1300,1379,1376,1383,1405,1468,1385,1442,1448,1513,1527,1631,1588,1596,1773,1864,1729,1780,2018,1881,1857,1979
3,RC,vector,9,83,41,46,71,104,89,72,98,97,116,106,174,130,147,156,172,168,175,196,206,211,202,247,256,245,280,305,277,308,298,335,344,387,371,447,408,433,443,501,461,474,634,583,521,561,550,598,586,656,654,665,690,676,680,762,738,769,771,827,867,919,920,920,880,986,992,997,1059,1049,1080,1106,1259,1169,1197,1216,1197,1244,1217,1332,1300,1374,1436,1426,1393,1502,1472,1550,1610,1642,1580,1682,1755,1735,1767,1777,1812,1870,1865,1798
3,RC,vector,10,82,40,48,48,60,80,80,123,114,108,112,168,141,151,143,184,191,195,204,211,214,226,235,238,264,247,311,296,313,340,344,371,371,408,392,428,437,413,457,508,501,515,539,562,588,581,603,574,653,664,641,704,707,743,740,709,843,788,831,882,856,943,969,996,986,994,975,1004,1033,1123,1061,1084,1124,1267,1201,1322,1279,1377,1364,1366,1384,1352,1427,1437,1465,1493,1586,1501,1488,1580,1655,1568,1641,1748,1790,1752,1817,1862,1853
3,RC,vector,11,85,42,57,54,65,65,103,87,129,142,154,168,136,198,164,171,196,204,192,244,215,238,243,244,260,281,301,289,310,319,326,415,379,395,392,401,409,430,467,495,490,491,544,544,558,589,588,597,636,685,665,703,743,690,709,768,743,794,811,846,991,949,927,967,949,995,1018,1001,1065,1034,1158,1106,1248,1141,1195,1141,1264,1312,1299,1363,1393,1336,1441,1368,1493,1451,1483,1492,1555,1556,1618,1630,1667,1699,1800,3807,3223,3154,2455
3,RC,vector,12,73,36,54,59,69,75,82,91,104,108,115,146,400,230,273,299,234,417,405,461,431,421,436,447,499,602,631,489,690,577,692,556,406,425,733,754,527,468,510,503,517,494,521,490,601,547,607,599,631,673,690,752,671,731,718,752,755,752,824,827,856,855,958,881,940,947,966,1018,964,1011,1071,1055,1107,1141,1147,1166,1246,1230,1335,1320,1388,1374,1415,1502,1523,1522,1574,1591,1651,1633,1713,1752,1770,1946,1824,1833,1906,1862,1893
3,RC,vector,13,83,35,43,54,64,76,87,95,114,129,135,188,132,164,157,178,184,200,191,202,224,227,220,240,276,267,296,302,300,336,360,367,348,381,399,373,447,423,450,445,505,520,530,540,551,604,569,637,646,639,635,700,690,672,718,723,770,801,903,830,859,911,914,929,938,943,982,991,1027,1032,1070,1199,1228,1163,1249,1415,1288,1334,1306,1348,1419,1379,1457,1442,1501,1452,1507,1549,1577,1574,1621,1665,1670,1647,1753,1797,1806,1811,1881
3,RC,vector,14,74,54,49,54,66,71,79,89,127,143,124,186,144,176,161,160,177,206,189,198,225,219,248,241,271,262,318,282,317,318,328,357,374,365,393,397,425,434,446,463,497,474,588,573,560,577,569,577,636,657,670,711,703,700,726,743,744,759,776,757,863,966,943,890,964,1031,1017,1035,1128,1066,1169,1176,1225,1224,1364,1247,1287,1267,1323,1275,1384,1324,1381,1456,1438,1448,1533,1525,1609,1628,1701,1626,1727,1673,1750,1737,1786,1855,1855
3,RC,vector,15,81,58,42,52,57,65,81,118,111,128,118,202,141,166,150,170,182,176,182,197,232,229,241,279,260,269,273,304,322,315,344,365,354,412,466,510,452,433,468,464,482,524,543,606,555,586,634,621,679,618,681,678,698,722,748,755,811,808,893,925,1020,882,933,964,939,985,993,991,1074,1050,1060,1095,1133,1175,1160,1181,1255,1234,1343,1278,1320,1344,1396,1394,1409,1439,1516,1482,1556,1651,1621,1639,1720,1675,1730,1881,1945,1885,1965
3,RC,vector,16,90,45,60,54,62,76,92,86,116,109,105,150,221,156,171,163,160,209,189,228,211,246,237,260,261,276,304,293,289,340,343,351,377,378,376,451,458,465,489,463,508,459,500,540,535,553,565,543,612,592,629,676,671,700,765,783,743,749,779,841,864,838,899,945,969,947,997,986,983,1002,1065,1095,1077,1147,1149,1223,1243,1235,1255,1353,1324,1373,1382,1395,1471,1597,1560,1609,1650,1670,1850,1709,1831,1742,1900,1820,1836,1882,1925
4,RO,table,1,40,11,12,13,17,11,25,20,19,17,21,33,38,29,36,36,47,51,62,67,70,80,90,82,106,126,102,135,135,176,151,152,140,159,155,215,186,167,206,234,226,252,265,273,310,302,308,330,341,355,371,363,375,470,475,476,516,468,553,547,559,627,534,584,616,651,691,669,670,714,689,757,792,749,829,769,877,789,901,807,978,964,954,1038,991,962,1029,1165,1211,1136,1266,1327,1350,1351,1413,1370,1481,1493,1402
4,RO,table,2,10,60,17,35,19,18,30,35,24,27,48,37,43,35,37,46,51,62,65,75,85,93,104,81,98,115,163,116,121,121,153,171,164,167,180,160,224,214,226,220,257,244,307,327,293,336,323,315,350,334,386,417,444,462,420,435,506,492,487,535,534,556,619,622,610,655,675,645,747,691,628,709,807,776,814,846,865,853,924,910,986,930,969,967,981,1013,995,1137,1144,1088,1079,1205,1313,1174,1355,1208,1358,1492,1642
4,RO,table,3,89,14,14,13,21,34,21,37,26,31,33,27,41,67,60,58,80,76,66,83,79,91,88,127,129,80,132,99,144,167,161,163,177,186,175,191,170,231,275,297,255,268,309,278,318,365,330,347,352,439,396,459,437,506,490,513,559,572,589,626,583,657,621,602,679,715,698,744,713,800,802,739,768,722,782,971,1032,891,919,1005,1072,976,1144,1182,1220,1171,1191,1276,1338,1270,1159,1251,1265,1299,1339,1362,1393,1429,1426
4,RO,table,4,15,17,32,15,29,32,32,17,31,34,37,36,31,31,63,36,54,53,56,69,60,68,95,109,102,101,114,136,123,124,148,132,185,182,176,173,194,187,229,255,290,238,314,255,274,326,357,302,339,410,407,379,358,434,445,435,484,464,500,493,527,570,573,605,572,616,616,678,665,697,754,670,825,796,851,832,879,901,906,939,945,993,981,1045,1083,946,990,1063,1108,1081,1277,1333,1306,1322,1321,1243,1437,1479,1481
4,RO,table,5,31,11,11,98,25,23,24,33,23,24,36,32,27,42,39,50,56,53,60,68,72,82,119,101,103,122,103,127,114,141,124,127,148,156,178,184,161,228,239,254,238,280,248,260,292,281,336,318,322,426,352,376,426,408,462,484,539,501,571,537,584,575,614,611,523,637,696,641,626,877,798,718,842,778,875,866,845,785,908,880,1008,1006,939,1065,1126,1054,1165,1125,1210,1085,1127,1234,1268,1253,1263,1441,1503,1513,1518
4,RO,table,6,11,30,50,16,36,37,18,38,22,19,23,48,53,37,46,50,58,78,70,98,67,103,83,101,123,125,124,157,141,215,194,178,204,197,231,243,227,262,273,245,260,269,300,332,353,370,354,347,357,428,396,399,414,498,516,525,491,483,512,612,675,608,674,682,620,747,720,760,763,797,840,836,816,912,909,867,879,859,813,923,983,955,1127,1047,999,1149,1107,1058,1127,1223,1197,1138,1163,1166,1213,1362,1255,1460,1441
4,RO,table,7,18,8,32,16,19,14,48,20,23,19,26,30,26,42,39,38,62,56,70,62,76,86,78,98,105,99,124,98,145,168,171,156,155,181,163,218,177,215,230,229,236,252,248,239,329,289,365,282,321,347,419,380,367,445,476,462,539,521,562,556,532,551,629,618,589,618,690,679,702,694,818,798,759,820,817,783,909,964,884,973,979,945,977,1066,968,1106,1080,1160,1145,1127,1383,1191,1346,1310,1288,1359,1389,1439,1502
4,RO,table,8,11,5,16,28,19,35,32,23,42,25,27,24,43,31,39,50,54,40,54,88,68,75,89,116,134,113,140,125,147,149,151,162,165,185,170,194,214,201,228,208,213,240,230,265,260,300,345,364,361,361,405,395,415,448,449,486,468,520,547,503,573,601,617,597,641,662,692,702,687,648,746,695,793,820,845,775,889,801,900,932,876,943,990,1031,1046,954,1071,1112,1074,1093,1310,1191,1254,1358,1361,1408,1370,1456,1494
4,RO,table,9,22,24,23,16,35,22,29,35,27,25,45,32,28,36,34,52,41,68,69,61,66,67,80,124,102,98,139,116,159,136,132,151,175,191,170,188,178,225,209,257,231,257,286,265,261,290,342,347,317,309,399,370,449,465,449,452,482,459,511,537,532,507,615,624,598,669,621,672,729,713,742,768,789,815,755,726,777,899,822,933,961,989,1001,1056,997,983,1100,1043,1038,1161,1156,1248,1210,1335,1277,1210,1425,1336,1425
4,RO,table,10,12,15,16,32,14,17,16,31,21,26,22,34,34,36,36,42,53,60,69,69,78,87,116,93,129,94,117,119,138,117,143,160,153,176,183,190,193,238,219,214,256,260,284,271,275,246,283,305,342,344,368,357,415,394,402,395,470,454,526,559,659,643,658,628,606,670,675,672,737,735,771,782,692,817,855,890,909,874,962,942,868,958,1015,910,1025,1117,1144,1172,1175,1217,1183,1221,1184,1209,1340,1377,1304,1399,1415
4,RO,table,11,70,39,13,16,14,17,20,32,21,32,38,30,27,36,43,42,59,46,63,106,69,80,101,116,89,132,114,104,148,114,115,137,139,160,181,177,170,195,216,217,230,234,259,308,286,321,311,347,362,389,404,413,440,451,475,400,439,444,468,557,568,519,592,570,631,593,702,639,717,752,630,736,820,782,842,783,916,902,947,955,914,1029,1035,1075,1058,1124,1158,1073,1173,1163,1239,1246,1308,1153,1272,1301,1444,1461,1637
4,RO,table,12,12,51,30,18,26,37,35,20,41,29,41,46,30,54,58,73,69,63,63,92,99,91,105,116,85,117,167,137,144,143,147,166,212,182,197,233,213,216,278,254,260,252,285,312,338,376,399,390,423,438,414,426,499,464,515,501,517,559,544,614,604,657,690,705,621,627,738,739,753,719,818,774,879,779,854,876,962,818,951,883,941,877,973,1030,1078,1226,1182,1170,1213,1198,1276,1186,1340,1311,1382,1447,1507,1557,1463
4,RO,table,13,17,50,35,15,16,18,32,26,19,28,25,27,34,44,54,39,51,55,62,74,80,77,88,70,125,104,135,116,120,111,159,159,157,173,177,214,189,233,252,241,245,243,261,228,294,271,276,312,336,388,418,383,400,436,473,475,460,519,474,533,555,520,558,553,612,647,662,626,703,709,752,731,805,678,804,812,868,872,929,935,881,945,1011,943,993,978,1035,1065,1102,1170,1183,1272,1210,1241,1360,1368,1485,1402,1488
4,RO,table,14,11,53,41,20,14,22,15,24,35,33,27,40,31,36,38,43,44,61,67,64,74,86,94,103,107,116,129,121,118,137,160,129,135,152,169,170,187,191,233,271,249,262,260,298,281,262,307,309,325,382,416,415,394,412,380,450,438,481,454,544,527,528,601,602,565,625,691,686,655,715,750,771,788,774,731,764,788,811,802,930,940,838,941,999,1024,1097,1100,1153,1060,1148,1211,1184,1217,1287,1252,1372,1424,1330,1379
4,RO,table,15,11,9,48,18,32,33,35,20,36,21,25,33,35,39,41,78,69,71,106,59,76,105,102,118,142,125,134,137,150,153,168,156,160,186,234,235,224,198,211,267,262,268,311,281,314,321,290,506,402,459,398,428,370,458,465,448,478,618,595,619,568,570,667,651,645,729,740,671,727,850,872,845,782,812,895,812,827,918,942,892,925,907,1002,994,957,1028,1006,1138,1141,1186,1205,1214,1165,1284,1302,1190,1339,1443,1385
4,RO,table,16,11,11,6,8,24,29,16,32,34,20,33,36,42,35,37,52,53,63,62,82,72,85,105,92,118,134,104,107,150,130,159,158,141,140,159,191,183,186,214,228,267,249,285,305,305,312,357,362,356,323,383,423,423,430,463,412,466,476,531,533,557,514,613,591,649,657,718,682,668,698,763,830,765,740,897,875,885,898,837,946,1020,1011,1025,1065,1050,1087,1136,1032,1225,1171,1174,1231,1310,1340,1384,1377,1430,1511,1504
4,RO,vector,1,15,24,33,14,32,32,32,21,21,31,36,30,29,32,62,39,48,55,67,73,81,92,130,122,94,118,130,128,160,140,137,149,146,197,191,196,190,197,222,220,270,222,330,263,314,311,303,354,381,384,410,417,433,395,474,458,456,501,562,512,519,590,615,570,635,574,620,678,699,659,690,712,698,799,762,774,798,790,940,978,959,1114,928,1098,1049,1090,1152,1097,1215,1220,1172,1228,1348,1353,1370,1332,1382,1418,1533
4,RO,vector,2,22,66,51,22,19,26,17,31,23,24,23,29,31,32,45,50,47,50,64,62,80,76,90,103,89,114,123,99,137,140,139,164,163,155,202,206,210,215,216,220,275,264,263,262,323,291,348,364,321,344,395,395,444,446,464,434,438,459,523,468,582,496,562,527,645,646,639,678,718,647,746,673,801,793,846,852,864,802,873,942,904,985,1029,1051,1093,1074,1135,991,1190,1190,1181,1240,1267,1305,1316,1422,1379,1378,1433
4,RO,vector,3,13,40,37,14,36,18,34,16,26,25,31,35,37,32,44,37,71,46,64,61,64,76,93,113,105,125,113,116,142,126,184,176,154,168,170,197,189,173,202,241,259,238,257,308,276,330,287,333,313,358,403,351,409,443,461,415,478,506,468,528,567,567,605,615,581,647,669,716,733,727,773,799,771,768,868,779,818,911,939,1005,1027,989,967,1018,1057,1074,1050,1124,1110,1134,1208,1126,1296,1177,1292,1326,1300,1447,1369
4,RO,vector,4,14,35,18,33,18,17,34,18,32,36,29,42,34,46,35,45,51,67,86,90,104,121,116,111,121,120,132,136,139,119,147,167,136,173,205,205,211,175,220,222,258,277,278,253,325,294,317,297,350,356,438,403,398,444,395,431,456,449,543,552,524,532,617,630,658,561,706,679,660,658,766,754,690,785,825,808,808,859,946,877,933,963,964,1027,957,1084,1222,1080,1292,1185,1276,1288,1368,1266,1326,1447,1414,1435,1424
4,RO,vector,5,17,78,31,31,18,14,33,17,24,26,26,29,40,45,50,46,67,64,70,75,79,87,104,107,117,106,128,143,128,139,182,137,156,191,208,174,174,192,212,245,265,259,243,272,338,296,364,368,366,337,347,353,444,446,465,488,562,500,457,471,557,503,592,562,663,658,702,705,762,613,766,764,765,818,737,785,783,893,972,993,1004,915,954,1030,1036,1093,1099,1168,1012,1092,1095,1254,1309,1306,1396,1363,1349,1398,1568
4,RO,vector,6,16,16,30,30,19,19,27,22,27,28,39,32,42,35,44,44,47,49,66,72,70,76,80,117,117,100,152,121,141,121,148,143,143,148,208,179,251,238,293,216,273,276,297,298,358,283,340,320,391,372,367,356,443,454,488,477,437,495,487,559,543,590,639,554,599,655,569,663,664,720,659,732,779,781,815,992,906,895,880,886,875,893,999,1041,1041,1142,1108,1177,1254,1083,1246,1279,1262,1363,1560,1376,1275,1476,1544
4,RO,vector,7,10,7,55,55,48,17,25,24,29,25,30,30,37,36,43,41,39,63,58,59,72,83,92,97,97,98,125,141,123,142,156,177,195,169,193,214,172,231,239,216,230,241,295,264,269,314,360,341,359,313,422,396,439,470,403,443,433,424,544,528,597,515,567,602,665,625,617,690,761,730,721,685,891,827,873,874,856,838,955,979,901,946,1095,935,1058,998,1047,1166,1173,1252,1287,1195,1272,1373,1410,1394,1410,1475,1533
4,RO,vector,8,24,8,39,27,27,38,30,33,43,41,29,42,38,35,41,57,47,53,55,65,69,75,94,113,88,115,115,142,146,130,162,162,150,152,180,165,217,195,233,245,280,275,239,286,326,293,300,289,338,312,364,393,382,516,474,488,523,457,506,483,563,578,590,572,582,621,679,609,698,723,675,740,719,691,746,850,784,813,822,841,850,1018,1021,912,1144,1108,1189,1192,1200,1251,1255,1291,1364,1329,1304,1514,1501,1448,1391
4,RO,vector,9,13,7,27,25,33,19,21,24,20,24,23,42,36,29,48,46,59,59,57,89,64,73,94,82,114,108,135,127,141,166,147,153,161,165,185,154,175,216,209,212,224,266,286,300,328,280,330,316,294,334,338,364,412,493,495,432,474,461,515,554,512,598,557,632,526,549,661,666,717,763,613,754,810,779,719,790,860,819,952,957,934,987,1025,1041,1098,1099,1154,1054,1103,1094,1150,1272,1246,1320,1326,1366,1375,1342,1493
4,RO,vector,10,15,13,33,33,30,30,15,33,23,23,27,27,26,26,32,36,53,49,62,65,72,87,89,82,94,92,115,126,137,140,153,139,170,140,180,179,214,216,234,230,233,214,232,283,320,300,302,364,356,346,365,392,420,420,445,483,490,476,570,554,589,587,629,627,580,663,624,642,700,682,744,822,799,780,846,891,924,913,934,831,940,984,1056,1041,1020,1069,1052,1025,1133,1014,1222,1180,1299,1247,1330,1388,1396,1317,1421
4,RO,vector,11,9,9,19,45,13,32,17,34,21,21,27,40,33,29,37,43,53,45,74,70,77,75,92,119,127,104,138,129,117,136,128,168,158,199,177,176,229,198,215,230,246,292,256,254,256,289,291,294,331,388,458,409,435,444,424,474,458,474,561,553,576,521,600,554,704,582,690,740,640,672,802,768,741,812,879,1021,1001,941,992,953,934,1027,1045,946,1055,1075,1161,1210,1233,1219,1231,1324,1339,1293,1364,1303,1270,1496,1391
4,RO,vector,12,13,16,51,35,20,18,21,20,24,28,37,36,28,35,47,82,56,57,87,100,83,103,144,141,101,113,122,116,122,146,153,132,196,197,195,212,202,207,221,223,276,257,264,272,276,307,318,347,355,331,421,409,441,465,483,415,508,516,514,563,593,518,553,570,668,673,651,681,600,674,673,761,864,818,837,859,858,790,833,958,935,906,1072,1099,1086,1121,1072,1170,1178,1104,1214,1260,1281,1364,1404,1268,1317,1424,1481
4,RO,vector,13,11,91,16,87,20,17,33,30,24,33,22,37,57,69,44,58,55,85,114,109,113,88,128,82,108,120,120,105,135,123,149,174,174,163,204,171,215,218,234,207,242,277,272,262,305,312,332,305,352,335,384,372,387,409,387,390,432,501,546,516,522,548,604,622,616,579,555,614,652,729,704,781,813,821,794,751,886,789,913,946,990,985,972,1032,1083,997,1029,1172,1189,1110,1337,1382,1386,1362,1324,1361,1443,1451,1318
4,RO,vector,14,11,18,62,53,18,19,35,19,29,34,24,32,27,45,58,35,75,79,64,82,110,135,137,110,118,134,102,110,131,134,137,156,164,225,157,195,193,192,222,227,269,249,217,275,315,312,328,383,371,346,422,399,422,410,453,454,418,504,538,476,559,517,585,604,568,585,614,723,674,729,766,765,738,794,768,841,835,839,941,941,974,987,1025,995,987,1113,996,1129,1175,1179,1245,1094,1254,1249,1275,1386,1390,1443,1500
4,RO,vector,15,15,19,25,17,49,40,20,20,23,24,31,30,49,32,47,106,78,76,61,84,72,110,134,112,102,115,139,110,115,144,126,155,145,152,174,200,196,202,280,193,223,212,296,257,251,306,343,314,361,387,427,358,399,422,428,477,464,471,441,487,546,609,627,590,590,602,649,650,698,734,680,758,796,841,789,869,904,836,994,1030,987,925,1029,1038,1131,1093,1069,1144,1200,1220,1234,1214,1157,1318,1241,1348,1367,1281,1485
4,RO,vector,16,10,23,7,32,18,29,34,17,22,39,29,31,36,45,40,102,96,62,79,77,67,115,156,123,110,107,139,107,145,147,137,150,158,194,157,195,224,194,251,242,276,256,296,249,295,286,350,346,322,344,374,382,405,440,483,484,487,465,538,543,677,627,552,592,690,623,623,700,705,736,917,869,817,838,878,886,868,879,862,912,958,991,1069,1077,962,1005,1184,1181,1188,1216,1197,1241,1301,1375,1328,1335,1396,1439,1371
4,RC,table,1,54,118,103,148,188,99,95,114,135,145,123,181,172,193,187,181,207,217,231,262,230,273,305,298,329,309,354,378,342,338,346,416,455,578,460,444,520,521,550,491,546,523,575,601,611,600,674,752,668,657,710,776,781,770,794,808,872,853,920,984,967,952,1020,984,1072,1075,1148,1184,1181,1217,1219,1206,1263,1290,1396,1403,1414,1413,1439,1425,1551,1569,1604,1610,1601,1557,1639,1650,1772,1781,1789,1790,1854,1889,1975,1905,1971,2112,2174
4,RC,table,2,67,130,88,64,72,145,161,178,282,217,158,163,164,185,160,186,184,195,229,235,242,244,254,276,294,316,305,325,382,346,361,371,427,446,454,451,472,525,483,521,574,560,565,559,616,599,619,665,683,735,675,709,787,732,827,778,880,848,944,970,940,958,1058,1051,1119,1155,1094,1157,1205,1262,1267,1252,1299,1241,1349,1372,1357,1317,1363,1421,1475,1511,1462,1450,1629,1634,1736,1762,1831,1736,1861,1833,1931,2004,2030,1893,2021,1936,2152
4,RC,table,3,187,43,56,62,78,195,235,290,182,144,141,159,161,163,162,214,186,210,241,226,272,237,267,300,277,305,327,361,355,342,356,376,405,413,428,422,478,469,502,530,574,551,566,582,653,647,629,650,706,656,692,734,721,806,823,855,859,825,909,873,959,998,966,981,1066,1076,1093,1112,1270,1255,1293,1287,1311,1369,1455,1486,1407,1372,1467,1462,1480,1489,1627,1507,1642,1677,1745,1703,1703,1732,1741,1776,2122,1991,1938,1918,2090,2016,2105
4,RC,table,4,120,69,65,90,91,172,190,227,261,153,149,165,138,149,172,182,196,223,203,246,226,239,253,262,328,355,337,345,380,352,435,357,376,425,433,411,464,501,501,512,520,618,591,604,650,652,686,689,757,706,729,790,763,803,825,881,891,861,883,972,1016,974,935,1036,1059,1026,1046,1123,1094,1207,1148,1220,1196,1271,1293,1351,1304,1355,1367,1452,1445,1518,1535,1626,1623,1681,1730,1694,1737,1765,1819,1849,2002,1989,2007,2170,2101,2062,2070
4,RC,table,5,105,84,59,76,88,105,245,177,310,174,136,183,171,166,165,187,179,193,240,242,244,269,291,266,280,366,319,348,352,353,372,411,426,399,425,456,499,532,490,558,571,523,562,558,593,688,722,665,702,721,773,834,900,910,809,825,866,928,897,943,1002,933,1006,1105,1282,1171,1076,1170,1192,1187,1243,1256,1233,1346,1383,1382,1370,1332,1540,1423,1554,1556,1499,1555,1615,1650,1849,1757,1730,1712,1790,1860,1882,1827,1866,1892,2042,2055,2158
4,RC,table,6,103,90,56,63,72,128,199,217,337,134,148,180,146,161,193,189,192,189,227,238,258,250,277,299,310,316,331,338,352,374,346,434,399,399,435,476,453,505,476,519,548,621,564,599,598,589,659,663,694,755,762,734,812,778,916,868,915,869,1075,949,930,942,1053,1070,1084,1096,1171,1150,1136,1164,1267,1157,1295,1258,1333,1363,1407,1301,1368,1419,1392,1516,1480,1506,1586,1584,1598,1614,1758,1761,1766,1738,1899,1881,1977,1895,2003,2094,2056
4,RC,table,7,110,79,45,75,69,109,221,189,311,160,160,169,145,181,168,195,191,225,224,264,263,260,273,263,330,326,298,358,359,377,366,432,448,407,439,418,452,449,476,493,565,549,551,554,601,601,613,658,637,731,757,703,725,783,847,781,844,1000,915,950,933,917,942,1094,1004,1082,1063,1138,1212,1183,1141,1240,1287,1205,1228,1250,1372,1328,1393,1359,1477,1506,1543,1568,1593,1801,1704,1701,1805,1760,1753,1913,1853,1875,1963,1981,2037,1992,2079
4,RC,table,8,106,85,59,61,75,95,234,213,295,159,129,160,142,158,184,202,184,217,233,228,229,236,259,265,312,320,320,357,345,394,391,406,433,385,457,435,465,479,500,535,513,548,560,581,627,655,685,706,702,683,763,697,804,768,778,823,865,890,929,878,954,932,974,981,1008,1067,1015,1056,1118,1159,1204,1267,1308,1245,1295,1370,1387,1424,1492,1555,1541,1552,1562,1559,1532,1578,1663,1648,1639,1789,1821,1848,1938,1849,1988,1994,1990,2078,1976
4,RC,table,9,78,98,59,65,74,114,215,221,275,186,141,177,175,179,177,203,215,214,235,210,243,274,269,267,282,274,316,345,337,389,376,423,389,456,491,466,495,474,503,553,720,566,653,617,621,596,685,700,658,728,788,765,756,777,823,833,884,883,889,1014,985,987,1059,992,1123,1050,1073,1121,1079,1182,1207,1142,1221,1215,1339,1270,1397,1389,1354,1563,1659,1642,1591,1548,1573,1688,1652,1743,1704,1808,1838,1864,1894,1941,2076,1895,2080,2052,2079
4,RC,table,10,100,85,57,83,94,125,217,282,235,135,148,175,165,170,166,182,205,258,217,224,221,243,271,285,278,306,322,345,386,374,369,411,418,438,453,490,518,497,500,487,545,578,617,594,588,596,625,689,708,647,743,738,771,792,832,784,829,882,926,922,871,911,1007,1024,988,1010,1067,1041,1093,1082,1146,1156,1179,1289,1303,1275,1311,1305,1575,1455,1536,1544,1609,1654,1628,1702,1703,1721,1729,1833,1744,1921,1995,1971,1966,1987,2142,2011,2061
4,RC,table,11,61,123,50,78,108,174,179,265,257,148,148,159,177,151,196,197,213,207,237,219,269,238,257,273,284,278,359,325,370,382,385,395,420,456,433,424,485,502,535,506,519,578,589,641,601,680,684,683,705,660,742,835,985,933,841,879,847,888,932,924,959,976,1020,984,1072,1049,1138,1190,1138,1186,1148,1180,1209,1290,1331,1351,1360,1323,1416,1543,1536,1482,1596,1641,1624,1568,1699,1684,1697,1773,1724,1766,1944,1827,1960,1887,2023,2066,2212
4,RC,table,12,121,82,51,66,91,154,226,246,269,128,142,160,176,166,176,208,186,212,228,240,261,240,299,281,326,317,317,360,395,328,390,389,385,392,472,481,439,521,528,565,593,580,592,619,616,631,633,691,733,665,753,778,718,770,789,845,883,869,836,889,962,1005,980,983,1113,1147,1147,1084,1202,1203,1215,1199,1251,1353,1255,1333,1428,1423,1361,1397,1416,1528,1490,1490,1628,1640,1681,1828,1834,1831,1786,1882,1865,1982,1962,2068,1938,2026,2128
4,RC,table,13,54,126,53,65,70,79,238,209,278,195,136,166,157,159,202,193,202,191,225,248,222,269,289,274,308,287,347,355,359,353,371,369,413,428,459,462,480,457,535,513,581,609,570,636,655,636,686,622,738,725,720,731,839,790,826,841,886,898,952,890,958,1141,1152,1144,1111,1039,1129,1153,1304,1255,1278,1295,1275,1338,1320,1313,1447,1458,1461,1521,1523,1520,1509,1549,1597,1578,1655,1627,1636,1704,1735,1848,1792,1829,1976,2082,2068,2032,2070
4,RC,table,14,135,69,54,63,69,78,230,195,278,202,154,176,160,158,181,196,220,212,214,220,230,241,298,268,329,293,303,326,351,362,410,365,396,422,420,416,459,460,504,472,525,523,582,556,648,677,710,687,716,766,741,748,828,782,837,815,915,910,931,962,1053,1057,1033,982,1001,1060,1113,1108,1112,1135,1200,1236,1261,1241,1296,1310,1381,1349,1344,1447,1414,1499,1541,1492,1612,1688,1719,1672,1791,1745,1760,1840,2085,2011,2060,2099,2118,2032,2080
4,RC,table,15,55,124,58,80,94,171,167,193,306,203,125,151,155,186,187,197,178,187,211,223,266,242,303,301,285,365,375,331,384,365,371,385,421,415,422,423,488,476,504,553,563,567,559,625,639,627,683,691,699,714,718,788,783,792,777,805,849,926,851,878,989,1005,1022,940,986,1084,1039,1129,1114,1151,1180,1276,1264,1323,1345,1309,1403,1449,1476,1545,1471,1546,1544,1617,1583,1705,1785,1722,1839,1732,1897,2041,1940,1935,1924,2049,2092,2099,2123
4,RC,table,16,80,100,66,79,106,197,210,268,215,170,164,163,141,159,164,179,268,275,322,261,288,244,294,287,389,386,431,404,455,398,408,369,443,434,410,463,460,485,530,515,521,546,688,739,755,759,666,720,706,886,813,997,1105,1207,1149,1138,1090,1060,1125,1019,1036,1020,999,1007,1081,1103,1170,1146,1198,1235,1159,1292,1281,1299,1382,1318,1381,1356,1447,1388,1493,1463,1447,1507,1604,1640,1580,1756,1736,1698,1780,1806,1870,1818,1890,1938,2012,2177,2244
